,station_id,city_name,country,state,iso2,iso3,latitude,longitude
0,41515,Asadabad,Afghanistan,Kunar,AF,AFG,34.8660000397,71.1500045859
1,38954,Fayzabad,Afghanistan,Badakhshan,AF,AFG,37.1297607616,70.5792471913
2,41560,Jalalabad,Afghanistan,Nangarhar,AF,AFG,34.4415269155,70.4361034738
3,38947,Kunduz,Afghanistan,Kunduz,AF,AFG,36.7279506623,68.8725296619
4,38987,Qala i Naw,Afghanistan,Badghis,AF,AFG,34.983000131,63.1332996367
5,38915,Sheberghan,Afghanistan,Jawzjan,AF,AFG,36.6579807729,65.738302367
6,13577,Peshkopi,Albania,Dibër,AL,ALB,41.6833020982,20.4333034879
7,13461,Shkodër,Albania,Shkodër,AL,ALB,42.0684515575,19.5188496487
8,13615,Tirana,Albania,Durrës,AL,ALB,41.3275407095,19.8188830146
9,60620,Adrar,Algeria,Adrar,DZ,DZA,27.8699900503,-0.28996708312
10,60369,Algiers,Algeria,Alger,DZ,DZA,36.763064798,3.05055252952
11,60360,Annaba,Algeria,Annaba,DZ,DZA,36.9200061229,7.75998083358
12,60468,Batna,Algeria,Batna,DZ,DZA,35.5699593293,6.17000036482
13,60525,Biskra,Algeria,Biskra,DZ,DZA,34.859976826,5.73002722029
14,60444,Bordj Bou Arréridj,Algeria,Bordj Bou Arreridj,DZ,DZA,36.0590040083,4.62999646641
15,60571,Béchar,Algeria,Béchar,DZ,DZA,31.611105366,-2.23000370422
16,60402,Béjaïa,Algeria,Béjaïa,DZ,DZA,36.7603776235,5.07001582706
17,60419,Constantine,Algeria,Constantine,DZ,DZA,36.3599886261,6.59994828149
18,60535,Djelfa,Algeria,Djelfa,DZ,DZA,34.6799878123,3.25002355817
19,60403,Guelma,Algeria,Guelma,DZ,DZA,36.466002132,7.42799748595
20,60351,Jijel,Algeria,Jijel,DZ,DZA,36.8219970335,5.76600356014
21,60545,Laghouat,Algeria,Laghouat,DZ,DZA,33.8099892365,2.88002030296
22,60467,M'Sila,Algeria,M'Sila,DZ,DZA,35.700003096,4.54500058388
23,60507,Mascara,Algeria,Mascara,DZ,DZA,35.4004089549,0.14003250998
24,60457,Mostaganem,Algeria,Mostaganem,DZ,DZA,35.9403759959,0.0899838853
25,60437,Médéa,Algeria,Médéa,DZ,DZA,36.2704075308,2.77000117861
26,60580,Ouargla,Algeria,Ouargla,DZ,DZA,31.9699723501,5.34002518578
27,60421,Oum El Bouaghi,Algeria,Oum el Bouaghi,DZ,DZA,35.8499971538,7.14999652234
28,60536,Saïda,Algeria,Saïda,DZ,DZA,34.8403914582,0.14003250998
29,60549,Sidi Bel Abbès,Algeria,Sidi Bel Abbès,DZ,DZA,35.1903442576,-0.63997155903
30,60355,Skikda,Algeria,Skikda,DZ,DZA,36.8804219757,6.89998164738
31,60445,Sétif,Algeria,SZtif,DZ,DZA,36.1800254507,5.39996984724
32,60511,Tiaret,Algeria,Tiaret,DZ,DZA,35.3804360138,1.3199604885
33,60395,Tizi Ouzou,Algeria,Tizi Ouzou,DZ,DZA,36.800001111,4.03333255638
34,60531,Tlemcen,Algeria,Tlemcen,DZ,DZA,34.8904142446,-1.32000756978
35,60475,Tébessa,Algeria,TZbessa,DZ,DZA,35.4104341828,8.12001053735
36,91765,Pago Pago,American Samoa,,AS,ASM,-14.2766104952,-170.706645144
37,07627,Andorra la Vella,Andorra,,AD,AND,42.5000014435,1.51648596051
38,64400,Cabinda,Angola,Cabinda,AO,AGO,-5.55962319044,12.1899946682
39,66160,Luanda,Angola,Luanda,AO,AGO,-8.83828611363,13.2344270413
40,68006,Ondjiva,Angola,Cunene,AO,AGO,-17.0696183077,15.730036986
41,72552,The Valley,Anguilla,Unknown,AI,AIA,41.559572,-98.980548
42,71801,Saint John's,Antigua and Barbuda,Unknown,AG,ATG,47.561701,-52.715149
43,87582,Buenos Aires,Argentina,Ciudad de Buenos Aires,AR,ARG,-34.6025016085,-58.3975313737
44,87166,Corrientes,Argentina,Corrientes,AR,ARG,-27.4899641736,-58.8099868181
45,87344,Córdoba,Argentina,Córdoba,AR,ARG,-31.3999580701,-64.1822945573
46,87162,Formosa,Argentina,Formosa,AR,ARG,-26.1728352673,-58.1828157975
47,87593,La Plata,Argentina,Ciudad de Buenos Aires,AR,ARG,-34.9096146456,-57.9599611833
48,87217,La Rioja,Argentina,La Rioja,AR,ARG,-29.409950339,-66.8499611833
49,87420,Mendoza,Argentina,Mendoza,AR,ARG,-32.883330059,-68.8166111671
50,87715,Neuquén,Argentina,Neuquén,AR,ARG,-38.9500398572,-68.0599906837
51,87374,Paraná,Argentina,Entre Ríos,AR,ARG,-31.7333227348,-60.5333441586
52,87828,Rawson,Argentina,Chubut,AR,ARG,-43.3000068983,-65.0999904802
53,87155,Resistencia,Argentina,Chaco,AR,ARG,-27.4599918429,-58.9900275082
54,87925,Río Gallegos,Argentina,Santa Cruz,AR,ARG,-51.6332966932,-69.216586753
55,87047,Salta,Argentina,Salta,AR,ARG,-24.7833593559,-65.4166378191
56,87222,San Fernando del Valle de Catamarca,Argentina,Catamarca,AR,ARG,-28.470007712,-65.7800006527
57,87311,San Juan,Argentina,San Juan,AR,ARG,-31.5500264295,-68.5199884457
58,87436,San Luis,Argentina,San Luis,AR,ARG,-33.2999971326,-66.3500175391
59,87121,San Miguel de Tucumán,Argentina,Tucumán,AR,ARG,-26.8160001436,-65.2166241879
60,87046,San Salvador de Jujuy,Argentina,Jujuy,AR,ARG,-24.1833443005,-65.3000299496
61,87623,Santa Rosa,Argentina,La Pampa,AR,ARG,-36.6200012016,-64.2999876319
62,87938,Ushuaia,Argentina,Tierra del Fuego,AR,ARG,-54.7900032362,-68.3100012631
63,87791,Viedma,Argentina,Ciudad de Buenos Aires,AR,ARG,-40.7999527804,-63.0000153011
64,37699,Ashtarak,Armenia,Aragatsotn,AM,ARM,40.3016667,44.3591667
65,37801,Gavar,Armenia,Gegharkunik,AM,ARM,40.3588889,45.1266667
66,37682,Gyumri,Armenia,Shirak,AM,ARM,40.78943402,43.8474938546
67,37711,Ijevan,Armenia,Tavush,AM,ARM,40.8755556,45.1491667
68,37792,Yerevan,Armenia,Erevan,AM,ARM,40.1811507355,44.5135513904
69,80410,Oranjestad,Aruba,Unknown,AW,ABW,12.526874,-70.035684
70,95678,Adelaide,Australia,South Australia,AU,AUS,-34.9349877739,138.600004841
71,94576,Brisbane,Australia,Queensland,AU,AUS,-27.4550309054,153.035092732
72,94926,Canberra,Australia,Australian Capital Territory,AU,AUS,-35.2830285454,149.129026244
73,94120,Darwin,Australia,Northern Territory,AU,AUS,-12.4253539847,130.850038614
74,94970,Hobart,Australia,Tasmania,AU,AUS,-42.8500085259,147.295029662
75,95866,Melbourne,Australia,Victoria,AU,AUS,-37.8200313123,144.975016235
76,94614,Perth,Australia,Western Australia,AU,AUS,-31.9550146293,115.839998738
77,94767,Sydney,Australia,New South Wales,AU,AUS,-33.9200109672,151.185179809
78,D4704,Bregenz,Austria,Vorarlberg,AT,AUT,47.5166970658,9.76670158807
79,11240,Graz,Austria,Steiermark,AT,AUT,47.0777581981,15.4100048408
80,11120,Innsbruck,Austria,Tirol,AT,AUT,47.2804073274,11.4099905992
81,11231,Klagenfurt,Austria,Kärnten,AT,AUT,46.6203442577,14.310020303
82,11012,Linz,Austria,Oberösterreich,AT,AUT,48.3192328075,14.2887812893
83,11150,Salzburg,Austria,Salzburg,AT,AUT,47.8104783316,13.040020303
84,11035,Vienna,Austria,Wien,AT,AUT,48.2000152782,16.3666389554
85,37735,Goranboy,Azerbaijan,Goranboy,AZ,AZE,40.6102778,46.7897222
86,37815,Gədəbəy,Azerbaijan,G?d?b?y,AZ,AZE,40.5655556,45.8161111
87,37958,Kapan,Azerbaijan,Z?ngilan,AZ,AZE,39.2015206086,46.4149857165
88,37897,Nakhchivan,Azerbaijan,Naxçivan,AZ,AZE,39.209220397,45.4122045479
89,37663,Oğuz,Azerbaijan,Oguz,AZ,AZE,41.0708333,47.4583333
90,37749,Qabala,Azerbaijan,Q?b?l?,AZ,AZE,40.9813889,47.8458333
91,37756,Sumqayit,Azerbaijan,Sumqayit,AZ,AZE,40.5800152782,49.6299832752
92,41150,Manama,Bahrain,,BH,BHR,26.2361362905,50.5830517159
93,41950,Barisal,Bangladesh,Barisal,BD,BGD,22.7004089549,90.3749897857
94,41978,Chittagong,Bangladesh,Chittagong,BD,BGD,22.3299922882,91.7999674062
95,41923,Dhaka,Bangladesh,Dhaka,BD,BGD,23.7230597117,90.4085794667
96,41883,Jamalpur District,Bangladesh,Dhaka,BD,BGD,24.9004297068,89.9500028066
97,41936,Khulna,Bangladesh,Khulna,BD,BGD,22.8399869985,89.5600007721
98,41907,Rajshahi,Bangladesh,Rajshahi,BD,BGD,24.3749837433,88.6050203033
99,33008,Brest,Belarus,Brest,BY,BLR,52.0999839468,23.6999897855
100,33041,Gomel,Belarus,Homyel',BY,BLR,52.4300154817,31.0000093167
101,26850,Minsk,Belarus,Minsk,BY,BLR,53.8999774364,27.5666271553
102,26774,Mogilyov,Belarus,Mahilyow,BY,BLR,53.8985046581,30.3246500231
103,26666,Vitebsk,Belarus,Vitsyebsk,BY,BLR,55.1887101431,30.1853303617
104,06447,Brussels,Belgium,Brussels,BE,BEL,50.8333170767,4.3333166083
105,78583,Belize City,Belize,Belize,BZ,BLZ,17.4987109568,-88.1883744728
106,65338,Abomey,Benin,Zou,BJ,BEN,7.19039959607,1.9899971096
107,65344,Cotonou,Benin,Ouémé,BJ,BEN,6.40000856417,2.51999059918
108,65319,Natitingou,Benin,Atakora,BJ,BEN,10.3204152618,1.38998205426
109,65330,Parakou,Benin,Borgou,BJ,BEN,9.34000998833,2.6200361721
110,78016,Hamilton,Bermuda,,BM,BMU,32.2941902863,-64.7839374203
111,42403,Paro,Bhutan,Thimphu,BT,BTN,27.3833010953,89.5167006514
112,85041,Cobija,Bolivia,Acre,BO,BOL,-11.0333459281,-68.7333087582
113,85223,Cochabamba,Bolivia,Cochabamba,BO,BOL,-17.4100109672,-66.169976849
114,85201,La Paz,Bolivia,La Paz,BO,BOL,-16.4979736137,-68.1499851905
115,85242,Oruro,Bolivia,Oruro,BO,BOL,-17.9799503389,-67.1299957699
116,85293,Potosí,Bolivia,Potosí,BO,BOL,-19.5695690727,-65.750028322
117,85245,Santa Cruz,Bolivia,Santa Cruz,BO,BOL,-17.7539176241,-63.2259963396
118,85364,Tarija,Bolivia,Tarija,BO,BOL,-21.516685365,-64.7499860043
119,85154,Trinidad,Bolivia,El Beni,BO,BOL,-14.8333723767,-64.899976849
120,14542,Banja Luka,Bosnia and Herzegovina,Serbian Republic,BA,BIH,44.7804048859,17.1799743232
121,14654,Sarajevo,Bosnia and Herzegovina,Sarajevo,BA,BIH,43.850022399,18.383001667
122,68024,Ghanzi,Botswana,Ghanzi,BW,BWA,-21.6996199353,21.6399604886
123,68029,Kasane,Botswana,North-West,BW,BWA,-17.8095731417,25.1500304756
124,68032,Maun,Botswana,North-West,BW,BWA,-19.9895951143,23.4200068753
125,83587,Belo Horizonte,Brazil,Minas Gerais,BR,BRA,-19.9150260225,-43.9150045182
126,82193,Belém,Brazil,Pará,BR,BRA,-1.45000323599,-48.4800230322
127,82798,João Pessoa,Brazil,Paraíba,BR,BRA,-7.10113512954,-34.8760711664
128,82098,Macapá,Brazil,Amapá,BR,BRA,0.03300701792,-51.0500212012
129,82993,Maceió,Brazil,Alagoas,BR,BRA,-9.6199955049,-35.7299744075
130,83967,Porto Alegre,Brazil,Rio Grande do Sul,BR,BRA,-30.0500146293,-51.2000120459
131,83746,Rio de Janeiro,Brazil,Rio de Janeiro,BR,BRA,-22.9250231742,-43.2250207942
132,86210,Salto del Guairá,Brazil,Paraná,BR,BRA,-24.0899649874,-54.2699796973
133,83780,São Paulo,Brazil,São Paulo,BR,BRA,-23.558679587,-46.6250199804
134,82579,Teresina,Brazil,Piauí,BR,BRA,-5.0950003877,-42.7800091975
135,96315,Bandar Seri Begawan,Brunei,Brunei and Muara,BN,BRN,4.88333111462,114.933284057
136,15730,Haskovo,Bulgaria,Haskovo,BG,BGR,41.9437821646,25.5632869046
137,15502,Montana,Bulgaria,Montana,BG,BGR,43.4140020261,23.2370016134
138,15614,Sofia,Bulgaria,Grad Sofiya,BG,BGR,42.6833494253,23.3166540107
139,15552,Varna,Bulgaria,Varna,BG,BGR,43.2156425161,27.8952892646
140,65510,Bobo Dioulasso,Burkina Faso,Houet,BF,BFA,11.1799751983,-4.28998132467
141,65505,Dédougou,Burkina Faso,Mou Houn,BF,BFA,12.4550010021,-3.46400043904
142,65507,Fada N'gourma,Burkina Faso,Gourma,BF,BFA,12.0549960523,0.36099945083
143,65522,Gaoua,Burkina Faso,Poni,BF,BFA,10.3249981061,-3.17400240659
144,65503,Ouagadougou,Burkina Faso,Kadiogo,BF,BFA,12.3703159779,-1.5247237563
145,65502,Ouahigouya,Burkina Faso,Yatenga,BF,BFA,13.5704236033,-2.41999210754
146,65518,Pô,Burkina Faso,Nahouri,BF,BFA,11.1690000161,-1.13499847837
147,65516,Réo,Burkina Faso,Sanguié,BF,BFA,12.3334921431,-2.46694451298
148,64387,Bujumbura,Burundi,Unknown,BI,BDI,-3.363812,29.367503
149,48462,Battambang,Cambodia,Batdâmbâng,KH,KHM,13.1000130401,103.200046752
150,48917,Kampot,Cambodia,Kâmpôt,KH,KHM,10.6170896596,104.183345906
151,48501,Koh Kong,Cambodia,Kaôh Kong,KH,KHM,11.6175389731,102.984932944
152,48991,Phnom Penh,Cambodia,Phnom Penh,KH,KHM,11.5500301299,104.91663448
153,64910,Buea,Cameroon,Sud-Ouest,CM,CMR,4.15500308735,9.23100351293
154,64860,Garoua,Cameroon,Nord,CM,CMR,9.30001242974,13.3900247789
155,64870,Ngaoundéré,Cameroon,Adamaoua,CM,CMR,7.32036582329,13.579987344
156,71706,Charlottetown,Canada,Prince Edward Island,CA,CAN,46.2492816356,-63.1313251156
157,71157,Edmonton,Canada,Alberta,CA,CAN,53.5500246369,-113.499981935
158,71668,Fredericton,Canada,New Brunswick,CA,CAN,45.949997578,-66.6333077409
159,71601,Halifax,Canada,Nova Scotia,CA,CAN,44.6500252473,-63.6000045183
160,71063,Ottawa,Canada,Ontario,CA,CAN,45.4166967967,-75.7000153012
161,71578,Quebec City,Canada,Québec,CA,CAN,46.8399690949,-71.2456101905
162,71863,Regina,Canada,Saskatchewan,CA,CAN,50.4500329784,-104.61700993
163,71801,St. John's,Canada,Newfoundland and Labrador,CA,CAN,47.5849882193,-52.6810069189
164,71508,Toronto,Canada,Ontario,CA,CAN,43.6999798778,-79.4200207944
165,71200,Victoria,Canada,British Columbia,CA,CAN,48.4332826936,-123.350000856
166,71964,Whitehorse,Canada,Yukon,CA,CAN,60.7167189729,-135.049984377
167,71579,Winnipeg,Canada,Manitoba,CA,CAN,49.8829874869,-97.1659918638
168,71162,Yellowknife,Canada,Northwest Territories,CA,CAN,62.4420141796,-114.396981447
169,08589,Praia,Cape Verde,,CV,CPV,14.9166980173,-23.516688885
170,78384,George Town,Cayman Islands,,KY,CYM,19.2804368276,-81.3299817319
171,64650,Bangui,Central African Republic,Bangui,CF,CAF,4.36664430635,18.5582881253
172,64600,Berbérati,Central African Republic,Mambéré-Kadéï,CF,CAF,4.24995892223,15.780008096
173,64601,Bouar,Central African Republic,Nana-Mambéré,CF,CAF,5.95001019177,15.5999674059
174,64754,Am Timan,Chad,Salamat,TD,TCD,11.0332916452,20.2832991116
175,64753,Faya-Largeau,Chad,Bet,TD,TCD,17.9166699412,19.1167036526
176,64700,N'Djamena,Chad,Hadjer-Lamis,TD,TCD,12.1130965362,15.0491483141
177,64750,Sarh,Chad,Mandoul,TD,TCD,9.14996990858,18.3900296617
178,85442,Antofagasta,Chile,Antofagasta,CL,CHL,-23.6499918429,-70.4000028907
179,85406,Arica,Chile,Arica y Parinacota,CL,CHL,-18.5000219535,-70.2899837663
180,85682,Concepción,Chile,Bío-Bío,CL,CHL,-36.8300142225,-73.0500220151
181,85418,Iquique,Chile,Tarapacá,CL,CHL,-20.2499926566,-70.1299676938
182,85488,La Serena,Chile,Coquimbo,CL,CHL,-29.8999979464,-71.249976849
183,85864,Puerto Aisén,Chile,Ais,CL,CHL,-45.3999304009,-72.7000175391
184,85799,Puerto Montt,Chile,Los Lagos,CL,CHL,-41.4699894015,-72.9299776628
185,85934,Punta Arenas,Chile,Magallanes y Antártica Chilena,CL,CHL,-53.1649861464,-70.9399957699
186,85629,San Fernando,Chile,Libertador General Bernardo O'Higgins,CL,CHL,-34.5800223605,-70.98996688
187,85577,Santiago,Chile,Región Metropolitana de Santiago,CL,CHL,-33.4500138155,-70.6670408546
188,85743,Temuco,Chile,La Araucanía,CL,CHL,-38.7300016085,-72.5799990251
189,85766,Valdivia,Chile,Los Ríos,CL,CHL,-39.7950012016,-73.2450230323
190,85574,Valparaíso,Chile,Valparaíso,CL,CHL,-33.0477644666,-71.6210136329
191,54511,Beijing,China,Beijing,CN,CHN,39.9288922313,116.388285684
192,54161,Changchun,China,Jilin,CN,CHN,43.8650085643,125.339987344
193,57687,Changsha,China,Hunan,CN,CHN,28.1999699087,112.969993041
194,54342,Fushun,China,Liaoning,CN,CHN,41.8653890168,123.869999551
195,58847,Fuzhou,China,Fujian,CN,CHN,26.0799959503,119.300045938
196,59287,Guangzhou,China,Guangdong,CN,CHN,23.1449813019,113.325010131
197,57816,Gui​yang,China,Guizhou,CN,CHN,26.5800429474,106.720038614
198,59758,Haikou,China,Hainan,CN,CHN,20.0500022573,110.320025593
199,58457,Hangzhou,China,Zhejiang,CN,CHN,30.2499739777,120.170018676
200,50953,Harbin,China,Heilongjiang,CN,CHN,45.7499839468,126.649984903
201,58321,Hefei,China,Anhui,CN,CHN,31.8500313507,117.2800142
202,53463,Hohhot,China,Nei Mongol,CN,CHN,40.8199747915,111.659995482
203,54823,Jinan,China,Shandong,CN,CHN,36.6749823192,116.995018676
204,56778,Kunming,China,Yunnan,CN,CHN,25.0699800812,102.679975137
205,55591,Lhasa,China,Xizang,CN,CHN,29.6450238231,91.1000101308
206,58606,Nanchang,China,Jiangxi,CN,CHN,28.6799922882,115.879996296
207,58238,Nanjing,China,Jiangsu,CN,CHN,32.0500191437,118.779974324
208,59431,Nanning,China,Guangxi,CN,CHN,22.8199882192,108.320044311
209,58362,Shanghai,China,Shanghai,CN,CHN,31.2164524526,121.436504678
210,53772,Taiyuan,China,Shanxi,CN,CHN,37.8750124299,112.545057738
211,54527,Tianjin,China,Tianjin,CN,CHN,39.1300262645,117.200019083
212,57494,Wuhan,China,Hubei,CN,CHN,30.5800313507,114.270017048
213,52866,Xining,China,Gansu,CN,CHN,36.6199985952,101.770004841
214,53614,Yinchuan,China,Ningxia Hui,CN,CHN,38.4679736522,106.273037475
215,51463,Ürümqi,China,Xinjiang Uygur,CN,CHN,43.8050122264,87.5750056549
216,96995,Flying Fish Cove,Christmas Island,Unknown,CX,CXR,-10.426665,105.668672
217,80099,Arauca,Colombia,Arauca,CO,COL,7.09066408175,-70.7616345639
218,80211,Armenia,Colombia,Quindío,CO,COL,4.5342826527,-75.6811275652
219,80028,Barranquilla,Colombia,Atlántico,CO,COL,10.959988626,-74.79996688
220,80222,Bogotá,Colombia,Bogota,CO,COL,4.59642356253,-74.0833439552
221,80094,Bucaramanga,Colombia,Santander,CO,COL,7.13009319959,-73.1258830177
222,80259,Cali,Colombia,Valle del Cauca,CO,COL,3.39995912568,-76.4999664731
223,80022,Cartagena,Colombia,Bolívar,CO,COL,10.3997385853,-75.5143935564
224,80097,Cúcuta,Colombia,Norte de Santander,CO,COL,7.9200191436,-72.519976849
225,80214,Ibagué,Colombia,Tolima,CO,COL,4.43891379691,-75.2322143979
226,80398,Leticia,Colombia,Amazonas,CO,COL,-4.22001503613,-69.9399792904
227,80110,Medellín,Colombia,Antioquia,CO,COL,6.27500327446,-75.5750100115
228,80063,Montería,Colombia,Córdoba,CO,COL,8.75753908176,-75.8900037045
229,80315,Neiva,Colombia,Huila,CO,COL,2.93104717906,-75.3302445899
230,80210,Pereira,Colombia,Risaralda,CO,COL,4.81038983044,-75.6799906837
231,80139,Puerto Carreño,Colombia,Vichada,CO,COL,6.18503460584,-67.4930227068
232,80144,Quibdó,Colombia,Chocó,CO,COL,5.69041363415,-76.6600083839
233,80035,Riohacha,Colombia,La Guajira,CO,COL,11.5403407989,-72.9099788835
234,80001,San Andrés,Colombia,,CO,COL,12.5621371089,-81.6903265824
235,80342,San Juan de Pasto,Colombia,Nariño,CO,COL,1.21360679006,-77.2811074236
236,80009,Santa Marta,Colombia,Magdalena,CO,COL,11.2472062367,-74.2016571469
237,80036,Valledupar,Colombia,Cesar,CO,COL,10.4799920847,-73.250009808
238,80234,Villavicencio,Colombia,Meta,CO,COL,4.15332399385,-73.6349992286
239,67005,Moroni,Comoros,Unknown,KM,COM,-11.693126,43.254304
240,64450,Brazzaville,Congo (Brazzaville),Pool,CG,COG,-4.25918577181,15.2846894925
241,64401,Dolisie,Congo (Brazzaville),Niari,CG,COG,-4.17960406608,12.6700170478
242,64459,Impfondo,Congo (Brazzaville),Likouala,CG,COG,1.64037660614,18.0400251858
243,64458,Ouésso,Congo (Brazzaville),Sangha,CG,COG,1.60999086396,16.0500174547
244,64456,Owando,Congo (Brazzaville),Cuvette,CG,COG,-0.47962319042,15.9199995511
245,64405,Sibiti,Congo (Brazzaville),Lékoumou,CG,COG,-3.68960813509,13.3500272203
246,64235,Kananga,Congo (Kinshasa),Kasaï-Occidental,CD,COD,-5.89004229851,22.4000174547
247,64247,Mbuji-Mayi,Congo (Kinshasa),Kasaï-Oriental,CD,COD,-6.15002642937,23.599995889
248,91843,Avarua,Cook Islands,,CK,COK,-21.2500349744,-159.750001263
249,78762,Alajuela,Costa Rica,Alajuela,CR,CRI,10.0200201609,-84.2300372739
250,78774,Liberia,Costa Rica,Guanacaste,CR,CRI,10.633755309,-85.4333229998
251,78767,Limón,Costa Rica,Limón,CR,CRI,10.0000213816,-83.0333402931
252,14236,Zagreb,Croatia,Grad Zagreb,HR,HRV,45.8000067333,15.9999946682
253,14445,Šibenik,Croatia,Šibensko-Kninska,HR,HRV,43.7272222,15.9058333
254,78367,Guantánamo,Cuba,Guantánamo,CU,CUB,20.1452935984,-75.2061436378
255,17609,Larnaca,Cyprus,Larnaca,CY,CYP,34.9170030964,33.6359975712
256,11723,Brno,Czech Republic,Kraj Vysocina,CZ,CZE,49.2003934927,16.609983275
257,11659,Hradec Králové,Czech Republic,Královéhradecký,CZ,CZE,50.2059961722,15.8120015254
258,11782,Ostrava,Czech Republic,Moravskoslezský,CZ,CZE,49.8303550406,18.2499865302
259,11487,Plzeň,Czech Republic,Karlovarský,CZ,CZE,49.7404380484,13.3600007718
260,11520,Prague,Czech Republic,Prague,CZ,CZE,50.0833370149,14.4659797757
261,11464,Ústí nad Labem,Czech Republic,Liberecký,CZ,CZE,50.6629981622,14.0810045544
262,06030,Aalborg,Denmark,Nordjylland,DK,DNK,57.0337138053,9.91659338241
263,10055,Sorø,Denmark,Sjaælland,DK,DNK,55.4329981145,11.5667016044
264,D1666,Vejle,Denmark,Syddanmark,DK,DNK,55.7090010284,9.53499649845
265,63471,Djibouti,Djibouti,Unknown,DJ,DJI,11.814597,42.845306
266,71449,Roseau,Dominica,Unknown,DM,DMA,48.771037,-95.769788
267,78482,Barahona,Dominican Republic,Barahona,DO,DOM,18.2003735545,-71.0999860043
268,78458,Puerto Plata,Dominican Republic,Puerto Plata,DO,DOM,19.7902171033,-70.6902474735
269,78479,Salvaleón de Higüey,Dominican Republic,La Altagracia,DO,DOM,18.6159960266,-68.7079974901
270,78486,Santo Domingo,Dominican Republic,Distrito Nacional,DO,DOM,18.4700728546,-69.9000850847
271,97320,Dili,East Timor,Dili,TL,TLS,-8.55938840855,125.579455932
272,84226,Azogues,Ecuador,Cañar,EC,ECU,-2.74000201529,-78.8400303565
273,84140,Guaranda,Ecuador,Bolivar,EC,ECU,-1.60999347037,-79.0100199806
274,84270,Loja,Ecuador,Loja,EC,ECU,-3.990003236,-79.2100077735
275,84135,Portoviejo,Ecuador,Manabi,EC,ECU,-1.06000120149,-80.459983156
276,84008,Puerto Baquerizo Moreno,Ecuador,Galápagos,EC,ECU,-0.90001096711,-89.5999678973
277,80370,Tulcán,Ecuador,Carchi,EC,ECU,0.82199703823,-77.73200048
278,62414,Aswan,Egypt,Aswan,EG,EGY,24.0875077504,32.8989114977
279,62318,Damanhur,Egypt,Al Buhayrah,EG,EGY,31.0504419139,30.4700158272
280,62463,Hurghada,Egypt,Al Bahr al Ahmar,EG,EGY,27.2300032745,33.8300174548
281,62435,Kharga Oasis,Egypt,Al Wadi at Jadid,EG,EGY,25.4400091746,30.5500109443
282,62306,Mersa Matruh,Egypt,Matruh,EG,EGY,31.3504236033,27.2300068753
283,62387,Minya,Egypt,Al Minya,EG,EGY,28.0900024607,30.7499987373
284,78663,San Salvador,El Salvador,San Salvador,SV,SLV,13.7100016469,-89.2030412208
285,78650,Sonsonate,El Salvador,Sonsonate,SV,SLV,13.7199751983,-89.7299858009
286,64810,Malabo,Equatorial Guinea,Bioko Norte,GQ,GNQ,3.75001527803,8.78327754582
287,26124,Haapsalu,Estonia,Lääne,EE,EST,58.9430556,23.5413889
288,26038,Tallinn,Estonia,Harju,EE,EST,59.4338773795,24.7280407295
289,26233,Viljandi,Estonia,Viljandi,EE,EST,58.3638889,25.59
290,63450,Addis Ababa,Ethiopia,Addis Ababa,ET,ETH,9.03331036268,38.700004434
291,63333,Dessie,Ethiopia,Amhara,ET,ETH,11.1299782501,39.6300251859
292,63471,Harar,Ethiopia,Addis Ababa,ET,ETH,9.31995953261,42.1500264066
293,63402,Jimma,Ethiopia,Addis Ababa,ET,ETH,7.67998211561,36.830041055
294,88889,Stanley,Falkland Islands,,FK,FLK,-51.7000109673,-57.8499678972
295,91683,Suva,Fiji,Central,FJ,FJI,-18.1330159314,178.441707315
296,02978,Helsinki,Finland,Southern Finland,FI,FIN,60.175563374,24.9341263415
297,02829,Hämeenlinna,Finland,Tavastia Proper,FI,FIN,60.9969961103,24.4719995427
298,02935,Jyväskylä,Finland,Central Finland,FI,FIN,62.2603456819,25.7499938545
299,02768,Kouvola,Finland,Southern Finland,FI,FIN,60.8760000851,26.7090035108
300,02788,Kuopio,Finland,Eastern Finland,FI,FIN,62.894286315,27.6949397367
301,02958,Mikkeli,Finland,Southern Savonia,FI,FIN,61.6899961671,27.2850034763
302,02875,Oulu,Finland,Northern Ostrobothnia,FI,FIN,64.9999975781,25.4700109443
303,02812,Rovaniemi,Finland,Lapland,FI,FIN,66.5000352164,25.7159390856
304,02972,Turku,Finland,Finland Proper,FI,FIN,60.4538668001,22.2549617093
305,02911,Vaasa,Finland,Western Finland,FI,FIN,63.0999843538,21.6000146064
306,07761,Ajaccio,France,Corse,FR,FRA,41.9270648387,8.72829382186
307,07005,Amiens,France,Picardie,FR,FRA,49.9003766063,2.30000402691
308,07510,Bordeaux,France,Aquitaine,FR,FRA,44.8500130402,-0.59501306294
309,07027,Caen,France,Basse-Normandie,FR,FRA,49.1837536815,-0.34998925923
310,07460,Clermont-Ferrand,France,Auvergne,FR,FRA,45.7799821158,3.08000809593
311,07280,Dijon,France,Bourgogne,FR,FRA,47.3304042756,5.03001826846
312,07015,Lille,France,Nord-Pas-de-Calais,FR,FRA,50.6499690949,3.08000809593
313,07434,Limoges,France,Limousin,FR,FRA,45.829979064,1.24999059918
314,07480,Lyon,France,Rhône-Alpes,FR,FRA,45.7700085643,4.83003047549
315,07650,Marseille,France,Provence-Alpes-Côte-d'Azur,FR,FRA,43.289979064,5.37501013044
316,07643,Montpellier,France,Languedoc-Roussillon,FR,FRA,43.6103987824,3.86998571637
317,07180,Nancy,France,Lorraine,FR,FRA,48.6836808462,6.20002437198
318,07222,Nantes,France,Pays de la Loire,FR,FRA,47.2103857616,-1.5900169285
319,07255,Orléans,France,Centre,FR,FRA,47.900421162,1.90002844098
320,07149,Paris,France,Île-de-France,FR,FRA,48.8666929312,2.33333532574
321,07335,Poitiers,France,Poitou-Charentes,FR,FRA,46.5832922557,0.33327652854
322,07168,Reims,France,Champagne-Ardenne,FR,FRA,49.250390441,4.02997595075
323,07130,Rennes,France,Bretagne,FR,FRA,48.1000213817,-1.67001204569
324,07037,Rouen,France,Haute-Normandie,FR,FRA,49.4304052929,1.07997513694
325,07190,Strasbourg,France,Alsace,FR,FRA,48.5799662466,7.75000728215
326,07630,Toulouse,France,Midi-Pyrénées,FR,FRA,43.6199589224,1.44992671571
327,81405,Cayenne,French Guiana,Unknown,GF,GUF,4.937114,-52.325831
328,91938,Papeete,French Polynesia,,PF,PYF,-17.5333626111,-149.566669354
329,61998,Port-aux-Français,French Southern and Antarctic Lands,Unknown,TF,ATF,-49.353677,70.243567
330,64570,Franceville,Gabon,Haut-Ogooué,GA,GAB,-1.63329954133,13.5832946357
331,64560,Koulamoutou,Gabon,Ogooué-Lolo,GA,GAB,-1.13291664745,12.4833100979
332,64500,Libreville,Gabon,Estuaire,GA,GAB,0.38538860972,9.45796504582
333,64501,Port-Gentil,Gabon,Ogooué-Maritime,GA,GAB,-0.72002195344,8.78002193059
334,37484,Batumi,Georgia,Ajaria,GE,GEO,41.6000046988,41.6300064685
335,37549,Tbilisi,Georgia,Tbilisi,GE,GEO,41.7250099885,44.7907954496
336,10384,Berlin,Germany,Berlin,DE,DEU,52.5218186636,13.4015486233
337,10224,Bremen,Germany,Bremen,DE,DEU,53.080001647,8.80002070988
338,D1051,Dresden,Germany,Sachsen,DE,DEU,51.0499705191,13.7500028063
339,10400,Düsseldorf,Germany,Nordrhein-Westfalen,DE,DEU,51.2203735546,6.77998897159
340,10554,Erfurt,Germany,Thüringen,DE,DEU,50.9700529166,11.0299621161
341,10147,Hamburg,Germany,Hamburg,DE,DEU,53.5500246369,9.99999914413
342,10338,Hanover,Germany,Niedersachsen,DE,DEU,52.3669702343,9.71665726588
343,10046,Kiel,Germany,Schleswig-Holstein,DE,DEU,54.330390441,10.1300170478
344,10361,Magdeburg,Germany,Sachsen-Anhalt,DE,DEU,52.1304213655,11.6200036201
345,D3137,Mainz,Germany,Rheinland-Pfalz,DE,DEU,49.982472455,8.2732191555
346,10865,Munich,Germany,Bayern,DE,DEU,48.129942036,11.5749934475
347,10379,Potsdam,Germany,Brandenburg,DE,DEU,52.400404886,13.0699926337
348,D6217,Saarbrücken,Germany,Saarland,DE,DEU,49.250390441,6.97000321313
349,10162,Schwerin,Germany,Mecklenburg-Vorpommern,DE,DEU,53.6333040774,11.4166986105
350,10739,Stuttgart,Germany,Baden-Württemberg,DE,DEU,48.7799798778,9.19999629582
351,D5541,Wiesbaden,Germany,Hessen,DE,DEU,50.0803914582,8.250028441
352,65472,Accra,Ghana,Greater Accra,GH,GHA,5.55003460583,-0.21671574035
353,65401,Bolgatanga,Ghana,Upper East,GH,GHA,10.7903865753,-0.84998457987
354,65453,Ho,Ghana,Volta,GH,GHA,6.6004097686,0.46998653016
355,65459,Koforidua,Ghana,Eastern,GH,GHA,6.09041505831,-0.26002059061
356,65442,Kumasi,Ghana,Ashanti,GH,GHA,6.68999086398,-1.6300144871
357,65467,Sekondi-Takoradi,Ghana,Western,GH,GHA,4.94327577608,-1.70401513814
358,65439,Sunyani,Ghana,Brong Ahafo,GH,GHA,7.33599899132,-2.33600341635
359,65418,Tamale,Ghana,Northern,GH,GHA,9.40041973768,-0.83998519022
360,65404,Wa,Ghana,Upper West,GH,GHA,10.0604052927,-2.50001306295
361,08495,Gibraltar,Gibraltar,Gibraltar,GI,GIB,36.132434946,-5.37807482973
362,16716,Athens,Greece,Attiki,GR,GRC,37.9833262319,23.7333210843
363,16723,Chios,Greece,Voreio Aigaio,GR,GRC,38.3681089468,26.135810098
364,16641,Corfu,Greece,Ionioi Nisoi,GR,GRC,39.615422993,19.9147427965
365,16754,Heraklion,Greece,Kriti,GR,GRC,35.3250130402,25.1304967842
366,16648,Larissa,Greece,Thessalia,GR,GRC,39.6304091584,22.420016234
367,16622,Polygyros,Greece,Kentriki Makedonia,GR,GRC,40.3810021302,23.4530014764
368,16726,Tripoli,Greece,Peloponnisos,GR,GRC,37.5091432892,22.3793985582
369,04250,Nuuk,Greenland,Kommuneqarfik Sermersooq,GL,GRL,64.1982814673,-51.7326587899
370,D6217,St. George's,Grenada,Unknown,GD,GRD,48.658138,6.928099
371,91212,Hagåtña,Guam,,GU,GUM,13.4700162953,144.750017048
372,76903,San Marcos,Guatemala,San Marcos,GT,GTM,14.9660010637,-91.7999995156
373,07020,St. Peter Port,Guernsey,Unknown,GG,GGY,49.456814,-2.538998
374,61816,Boké,Guinea,Boke,GN,GIN,10.9399898467,-14.29999048
375,61832,Conakry,Guinea,Conakry,GN,GIN,9.53152284641,-13.6802350275
376,61833,Faranah,Guinea,Faranah,GN,GIN,10.0404065134,-10.750000449
377,61829,Kankan,Guinea,Kankan,GN,GIN,10.3899975779,-9.31001082502
378,61818,Kindia,Guinea,Kindia,GN,GIN,10.0600177195,-12.8699744074
379,61809,Labé,Guinea,Labe,GN,GIN,11.3199924916,-12.3000091974
380,61699,Mali,Guinea,Labe,GN,GIN,12.084003021,-12.3010014331
381,61820,Mamou,Guinea,Mamou,GN,GIN,10.3803857615,-12.1000214045
382,61849,Nzérékoré,Guinea,Nzerekore,GN,GIN,7.76000307101,-8.82998844546
383,61766,Bissau,Guinea Bissau,Bissau,GW,GNB,11.865023823,-15.5983608413
384,61769,Bolama,Guinea Bissau,Bolama,GW,GNB,11.5829530285,-15.4828039891
385,81001,Georgetown,Guyana,East Berbice-Corentyne,GY,GUY,6.80197369275,-58.1670286475
386,78482,Port-au-Prince,Haiti,Unknown,HT,HTI,18.547327,-72.339593
387,78705,La Ceiba,Honduras,Atlántida,HN,HND,15.7631063018,-86.7969865333
388,78711,Puerto Lempira,Honduras,Gracias a Dios,HN,HND,15.2620257761,-83.7716414812
389,78708,San Pedro Sula,Honduras,Cortés,HN,HND,15.500021585,-88.0299862078
390,78720,Tegucigalpa,Honduras,Francisco Morazán,HN,HND,14.1020449005,-87.2175293393
391,94855,City of Victoria,Hong Kong,Unknown,HK,HKG,-36.59861,144.678005
392,12843,Budapest,Hungary,Budapest,HU,HUN,47.5000063264,19.0833206774
393,12882,Debrecen,Hungary,Hajdú-Bihar,HU,HUN,47.5304695832,21.6300386136
394,12772,Miskolc,Hungary,Borsod-Abaúj-Zemplén,HU,HUN,48.100408955,20.7800129788
395,12942,Pécs,Hungary,Baranya,HU,HUN,46.0804288931,18.2200141995
396,12982,Szeged,Hungary,Csongrád,HU,HUN,46.2503926789,20.1500255927
397,11858,Tatabánya,Hungary,Komárom-Esztergom,HU,HUN,47.5499971771,18.4329995683
398,12925,Zalaegerszeg,Hungary,Zala,HU,HUN,46.8440010266,16.8399995861
399,04030,Reykjavík,Iceland,Suðurnes,IS,ISL,64.1500236197,-21.9500144872
400,04048,Selfoss,Iceland,Biskupstungnahreppur,IS,ISL,63.9334218538,-20.9969460464
401,42724,Agartala,India,Tripura,IN,IND,23.8354042755,91.2799991445
402,42618,Aizawl,India,Mizoram,IN,IND,23.7103989858,92.7200146067
403,43295,Bangalore,India,Karnataka,IN,IND,12.9699951365,77.5600097238
404,42667,Bhopal,India,Madhya Pradesh,IN,IND,23.2499878123,77.4099930409
405,42971,Bhubaneswar,India,Orissa,IN,IND,20.2704280792,85.8273603912
406,42105,Chandigarh,India,Chandigarh,IN,IND,30.7199969676,76.7800056548
407,43279,Chennai,India,Tamil Nadu,IN,IND,13.0899878122,80.2799987375
408,42840,Daman,India,Dadra and Nagar Haveli,IN,IND,20.4170082794,72.850012979
409,42111,Dehradun,India,Uttaranchal,IN,IND,30.3204089549,78.0500056548
410,42410,Dispur,India,Assam,IN,IND,26.1440230499,91.7666361074
411,42647,Gandhinagar,India,Dadra and Nagar Haveli,IN,IND,23.300398172,72.6399482818
412,43128,Hyderabad,India,Andhra Pradesh,IN,IND,17.3999831329,78.4799535715
413,42623,Imphal,India,Manipur,IN,IND,24.7999707224,93.9500170481
414,42309,Itanagar,India,Arunachal Pradesh,IN,IND,27.1003987824,93.616600707
415,42348,Jaipur,India,Rajasthan,IN,IND,26.9211332387,75.8099873443
416,43311,Kavaratti,India,Lakshadweep,IN,IND,10.5625733133,72.6368671667
417,42807,Kolkata,India,West Bengal,IN,IND,22.4949692983,88.3246756581
418,42369,Lucknow,India,Uttar Pradesh,IN,IND,26.8550390818,80.9149987375
419,43003,Mumbai,India,Maharashtra,IN,IND,19.0169903757,72.8569892974
420,42182,New Delhi,India,Delhi,IN,IND,28.6000230092,77.1999800201
421,43192,Panjim,India,Goa,IN,IND,15.4919969974,73.8180006499
422,42492,Patna,India,Bihar,IN,IND,25.6249591258,85.1300386138
423,43329,Pondicherry,India,Puducherry,IN,IND,11.9349937123,79.8300003651
424,43333,Port Blair,India,Andaman and Nicobar,IN,IND,11.6670255727,92.7359826243
425,42701,Ranchi,India,Jharkhand,IN,IND,23.3700063263,85.3300264068
426,42516,Shillong,India,Meghalaya,IN,IND,25.5704921661,91.8800141998
427,42083,Shimla,India,Himachal Pradesh,IN,IND,31.1000254507,77.1665970448
428,42027,Srinagar,India,Jammu and Kashmir,IN,IND,34.0999715363,74.8150093169
429,43371,Thiruvananthapuram,India,Kerala,IN,IND,8.49998374321,76.9500211171
430,97724,Ambon,Indonesia,Maluku,ID,IDN,-3.71668658561,128.20001949
431,96011,Banda Aceh,Indonesia,Aceh,ID,IDN,5.5499829294,95.3200109446
432,96295,Bandarlampung,Indonesia,Lampung,ID,IDN,-5.44960406609,105.300021931
433,96751,Bandung,Indonesia,Jawa Barat,ID,IDN,-6.95002927768,107.570012572
434,96685,Banjarmasin,Indonesia,Kalimantan Selatan,ID,IDN,-3.32999184277,114.580075642
435,96253,Bengkulu,Indonesia,Bengkulu,ID,IDN,-3.8000406709,102.269974324
436,97230,Denpasar,Indonesia,Bali,ID,IDN,-8.65002887079,115.219984903
437,96745,Jakarta,Indonesia,Jakarta Raya,ID,IDN,-6.17441770541,106.829437621
438,96195,Jambi,Indonesia,Jambi,ID,IDN,-1.58999469107,103.610047566
439,97698,Jayapura,Indonesia,Papua,ID,IDN,-2.53298622753,140.69998002
440,97146,Kendari,Indonesia,Sulawesi Tenggara,ID,IDN,-3.95532834993,122.597312377
441,97372,Kupang,Indonesia,Nusa Tenggara Timur,ID,IDN,-10.1786694144,123.582988647
442,97014,Manado,Indonesia,Sulawesi Utara,ID,IDN,1.48002463674,124.849991413
443,97240,Mataram,Indonesia,Nusa Tenggara Barat,ID,IDN,-8.57954221714,116.13501949
444,96035,Medan,Indonesia,Sumatera Utara,ID,IDN,3.57997397757,98.6500402415
445,96221,Palembang,Indonesia,Sumatera Selatan,ID,IDN,-2.98003904329,104.750029662
446,97072,Palu,Indonesia,Sulawesi Tengah,ID,IDN,-0.9070389619,119.833036661
447,96109,Pekanbaru,Indonesia,Riau,ID,IDN,0.56496421193,101.425012979
448,96581,Pontianak,Indonesia,Kalimantan Barat,ID,IDN,-0.02998655304,109.319983275
449,96607,Samarinda,Indonesia,Kalimantan Timur,ID,IDN,-0.50003538117,117.149996296
450,96837,Semarang,Indonesia,Jawa Tengah,ID,IDN,-6.96661741245,110.42001949
451,96973,Sumenep,Indonesia,Jawa Timur,ID,IDN,-7.00490964877,113.849629272
452,96933,Tuban,Indonesia,Jawa Timur,ID,IDN,-6.89954140333,112.049997517
453,96839,Yogyakarta,Indonesia,Yogyakarta,ID,IDN,-7.77995278029,110.375009317
454,40811,Ahvaz,Iran,Khuzestan,IR,IRN,31.2799886261,48.7200129789
455,40769,Arak,Iran,Markazi,IR,IRN,34.0804120067,49.7000048409
456,37985,Ardabil,Iran,Ardebil,IR,IRN,38.2500024608,48.3000386137
457,40875,Bandar Abbas,Iran,Hormozgan,IR,IRN,27.2040597822,56.2721355436
458,40809,Birjand,Iran,South Khorasan,IR,IRN,32.880020161,59.2199405506
459,40723,Bojnord,Iran,North Khorasan,IR,IRN,37.4699983918,57.3200048409
460,40858,Bushehr,Iran,Bushehr,IR,IRN,28.9199776398,50.8300133858
461,40738,Gorgan,Iran,Golestan,IR,IRN,36.8303475129,54.4800231515
462,40800,Isfahan,Iran,Esfahan,IR,IRN,32.7000053091,51.7000377999
463,40841,Kerman,Iran,Kerman,IR,IRN,30.2999967641,57.0800194894
464,40766,Kermanshah,Iran,Kermanshah,IR,IRN,34.3800061229,47.0600109444
465,40745,Mashhad,Iran,Razavi Khorasan,IR,IRN,36.2700199575,59.5699967029
466,40731,Qazvin,Iran,Qazvin,IR,IRN,36.2700199575,49.9999865304
467,40785,Qom,Iran,Qom,IR,IRN,34.6500154816,50.9500060616
468,40718,Rasht,Iran,Gilan,IR,IRN,37.2999829295,49.6299832752
469,40747,Sanandaj,Iran,Kordestan,IR,IRN,35.300001647,47.0200133858
470,40736,Sari,Iran,Mazandaran,IR,IRN,36.5503904409,53.1000040271
471,40757,Semnan,Iran,Semnan,IR,IRN,35.5547922964,53.3743025297
472,40798,Shahrekord,Iran,Chahar Mahall and Bakhtiari,IR,IRN,32.3209980506,50.8539965941
473,40848,Shiraz,Iran,Fars,IR,IRN,29.629960143,52.5700105375
474,40706,Tabriz,Iran,East Azarbaijan,IR,IRN,38.0862915233,46.3012458891
475,40754,Tehran,Iran,Tehran,IR,IRN,35.6719427684,51.4243440336
476,40712,Urmia,Iran,West Azarbaijan,IR,IRN,37.5299947297,44.9999816475
477,40821,Yazd,Iran,Yazd,IR,IRN,31.9200529165,54.3700040271
478,40856,Zahedan,Iran,Sistan and Baluchestan,IR,IRN,29.4999939158,60.8300231515
479,40729,Zanjan,Iran,Zanjan,IR,IRN,36.6700213817,48.5000264067
480,40831,Basra,Iraq,Al-Basrah,IQ,IRQ,30.5135237824,47.8135566801
481,40665,Kut,Iraq,Wasit,IQ,IRQ,32.4907157583,45.830370238
482,03969,Dublin,Ireland,Dublin,IE,IRL,53.333061136,-6.24890568178
483,03973,Roscommon,Ireland,Roscommon,IE,IRL,53.6333333,-8.1833333
484,03953,Tralee,Ireland,Kerry,IE,IRL,52.2666921174,-9.71665267072
485,03302,Douglas,Isle of Man,,IM,IMN,54.1504272655,-4.48002140443
486,40153,Nazareth,Israel,HaZafon,IL,ISR,32.7039843944,35.2955093981
487,40180,Ramla,Israel,HaMerkaz,IL,ISR,31.9167001238,34.8667025234
488,40179,Tel Aviv,Israel,Tel Aviv,IL,ISR,32.0799914744,34.7700117582
489,06717,Aosta,Italy,Valle d'Aosta,IT,ITA,45.7370010671,7.31500259571
490,16325,Bari,Italy,Apulia,IT,ITA,41.114220397,16.8727579332
491,16560,Cagliari,Italy,Sardegna,IT,ITA,39.2223978872,9.10398148462
492,16252,Campobasso,Italy,Molise,IT,ITA,41.5629991186,14.6559965589
493,16344,Catanzaro,Italy,Calabria,IT,ITA,38.9003761994,16.6000097236
494,16134,Florence,Italy,Toscana,IT,ITA,43.7800008332,11.2500003648
495,16153,Genoa,Italy,Liguria,IT,ITA,44.4099882193,8.93003861353
496,16219,L'Aquila,Italy,Abruzzo,IT,ITA,42.3503981721,13.3900247789
497,16064,Milan,Italy,Lombardia,IT,ITA,45.4699751984,9.20500890976
498,16253,Naples,Italy,Campania,IT,ITA,40.8400252473,14.2450113512
499,16400,Palermo,Italy,Sicily,IT,ITA,38.1250230093,13.3500272203
500,16179,Perugia,Italy,Umbria,IT,ITA,43.1103776236,12.3899824612
501,16310,Potenza,Italy,Basilicata,IT,ITA,40.6420021301,15.7989964956
502,16239,Rome,Italy,Lazio,IT,ITA,41.8959556265,12.4832584215
503,16022,Trento,Italy,Trentino-Alto Adige,IT,ITA,46.0804288931,11.1199824612
504,16110,Trieste,Italy,Friuli-Venezia Giulia,IT,ITA,45.6503776236,13.8000255927
505,16061,Turin,Italy,Piemonte,IT,ITA,45.0703871857,7.66996048853
506,16098,Venice,Italy,Veneto,IT,ITA,45.4386592805,12.3349987372
507,65578,Abidjan,Ivory Coast,Lagunes,CI,CIV,5.31999696749,-4.04004825989
508,65585,Aboisso,Ivory Coast,Sud-Comoé,CI,CIV,5.46669905207,-3.20000353009
509,65545,Bondoukou,Ivory Coast,Zanzan,CI,CIV,8.03042584119,-2.80002059062
510,65555,Bouaké,Ivory Coast,Vallée du Bandama,CI,CIV,7.68998150526,-5.03001367331
511,65560,Daloa,Ivory Coast,Haut-Sassandra,CI,CIV,6.88997865695,-6.45000451804
512,65562,Dimbokro,Ivory Coast,N'zi-Comoé,CI,CIV,6.65045839327,-4.71000736634
513,65557,Gagnoa,Ivory Coast,Fromager,CI,CIV,6.1504113962,-5.87998763165
514,65536,Korhogo,Ivory Coast,Savanes,CI,CIV,9.4599768259,-5.63995060365
515,65548,Man,Ivory Coast,Dix-Huit Montagnes,CI,CIV,7.40041261691,-7.54998905581
516,65528,Odienné,Ivory Coast,Denguélé,CI,CIV,9.51041302382,-7.58001306297
517,65594,San Pédro,Ivory Coast,Bas-Sassandra,CI,CIV,4.77041811006,-6.63996708315
518,65563,Yamoussoukro,Ivory Coast,Lacs,CI,CIV,6.81838096,-5.27550256491
519,78397,Kingston,Jamaica,Kingston,JM,JAM,17.9770766238,-76.7674337137
520,78388,Montego Bay,Jamaica,Saint James,JM,JAM,18.4666880483,-77.9166758644
521,47807,Fukuoka,Japan,Fukuoka,JP,JPN,33.5950152781,130.410013793
522,47632,Gifu,Japan,Gifu,JP,JPN,35.4230949087,136.762752644
523,47765,Hiroshima,Japan,Hiroshima,JP,JPN,34.3878351024,132.442912963
524,47762,Kitakyūshū,Japan,Fukuoka,JP,JPN,33.8703989858,130.820014607
525,47759,Kyoto,Japan,Kyoto,JP,JPN,35.0299922882,135.749997924
526,47770,Kōbe,Japan,Hyogo,JP,JPN,34.6799878123,135.169981648
527,47887,Matsuyama,Japan,Ehime,JP,JPN,33.8455426219,132.765838988
528,47636,Nagoya,Japan,Aichi,JP,JPN,35.154997578,136.914991414
529,47936,Naha,Japan,Okinawa,JP,JPN,26.2071716502,127.672971557
530,47412,Sapporo,Japan,Hokkaido,JP,JPN,43.0749792674,141.340044311
531,47590,Sendai,Japan,Miyagi,JP,JPN,38.2871061392,141.021717488
532,47662,Tokyo,Japan,Tokyo,JP,JPN,35.6850169058,139.751407429
533,47424,Tomakomai,Japan,Hokkaido,JP,JPN,42.6504056997,141.550005655
534,47815,Ōita,Japan,Oita,JP,JPN,33.2432279653,131.597899942
535,47772,Ōsaka,Japan,Osaka,JP,JPN,34.7500352163,135.460144815
536,07280,Saint Helier,Jersey,Unknown,JE,JEY,47.384387,4.683325
537,40310,Ma'an,Jordan,Ma`an,JO,JOR,30.1920031156,35.7360035752
538,40265,Mafraq,Jordan,Mafraq,JO,JOR,32.2832970669,36.2332985195
539,40296,Tafilah,Jordan,Tafilah,JO,JOR,30.833334044,35.600004636
540,35229,Aktobe,Kazakhstan,Aqtöbe,KZ,KAZ,50.2800175162,57.169988158
541,36870,Almaty,Kazakhstan,Almaty,KZ,KAZ,43.3249898469,76.9150361724
542,35700,Atyrau,Kazakhstan,Atyrau,KZ,KAZ,47.1126914664,51.9200243722
543,35671,Jezkazgan,Kazakhstan,Qaraghandy,KZ,KAZ,47.7799892365,67.770012979
544,28984,Kokshetau,Kazakhstan,Aqmola,KZ,KAZ,53.2999882193,69.4199897856
545,28952,Kostanay,Kazakhstan,Qostanay,KZ,KAZ,53.2208974397,63.6283019601
546,38062,Kyzylorda,Kazakhstan,Qyzylorda,KZ,KAZ,44.800016092,65.4649857166
547,35108,Oral,Kazakhstan,West Kazakhstan,KZ,KAZ,51.2711198111,51.3349954822
548,36003,Pavlodar,Kazakhstan,Pavlodar,KZ,KAZ,52.299997578,76.9500211171
549,28676,Petropavl,Kazakhstan,North Kazakhstan,KZ,KAZ,54.8799951366,69.2200019927
550,36177,Semey,Kazakhstan,East Kazakhstan,KZ,KAZ,50.4349951366,80.2750378
551,38328,Shymkent,Kazakhstan,South Kazakhstan,KZ,KAZ,42.3200124299,69.5950178618
552,38339,Taraz,Kazakhstan,Zhambyl,KZ,KAZ,42.8999770295,71.3649873442
553,63686,Kakamega,Kenya,Western,KE,KEN,0.29040732717,34.7300141996
554,63820,Mombasa,Kenya,Coast,KE,KEN,-4.04002602246,39.6899181709
555,63741,Nairobi,Kenya,Nairobi,KE,KEN,-1.28334674185,36.8166568591
556,63740,Nyeri,Kenya,Central,KE,KEN,-0.41699699049,36.9510036318
557,91610,Tarawa,Kiribati,,KI,KIR,1.33818750562,173.017570829
558,40586,Al Jahra,Kuwait,Al Jahrah,KW,KWT,29.3374715363,47.6580622953
559,40582,Hawalli,Kuwait,Hawalli,KW,KWT,29.3333400154,47.9999975591
560,38353,Bishkek,Kyrgyzstan,Bishkek,KG,KGZ,42.8730794465,74.5852042225
561,36982,Karakol,Kyrgyzstan,Ysyk-Köl,KG,KGZ,42.492043273,78.3818200266
562,36974,Naryn,Kyrgyzstan,Naryn,KG,KGZ,41.426346048,75.991061563
563,38613,Osh,Kyrgyzstan,Osh,KG,KGZ,40.5404052928,72.7900166411
564,38345,Talas,Kyrgyzstan,Talas,KG,KGZ,42.5183724152,72.2429182525
565,48930,Luang Prabang,Laos,Louangphrabang,LA,LAO,19.8845343211,102.141610066
566,48383,Savannakhet,Laos,Savannakhét,LA,LAO,16.5375809926,104.772973998
567,48940,Vientiane,Laos,Vientiane [prefecture],LA,LAO,17.9666927276,102.59998002
568,26425,Riga,Latvia,Riga,LV,LVA,56.9500238232,24.0999653714
569,40101,Zahlé,Lebanon,Mount Lebanon,LB,LBN,33.8501159862,35.9041544177
570,68449,Hlotse,Lesotho,Leribe,LS,LSO,-28.8780029827,28.0559976365
571,68546,Mafeteng,Lesotho,Mafeteng,LS,LSO,-29.8166438611,27.2500056546
572,68471,Mokhotlong,Lesotho,Mokhotlong,LS,LSO,-29.2910040261,29.078001548
573,68558,Quthing,Lesotho,Quthing,LS,LSO,-30.4109999139,27.7160045083
574,65592,Harper,Liberia,Maryland,LR,LBR,4.37537762341,-7.71698144676
575,65660,Kakata,Liberia,Margibi,LR,LBR,6.5259990088,-10.3490005387
576,62053,Benghazi,Libya,Benghazi,LY,LBY,32.1167334178,20.0667231839
577,62059,Derna,Libya,Al Qubbah,LY,LBY,32.7648111286,22.6391392825
578,62008,Gharyan,Libya,Mizdah,LY,LBY,32.1703735545,13.0199698473
579,62131,Hun,Libya,Al Jufrah,LY,LBY,29.1166581411,15.9333320706
580,62012,Khoms,Libya,Al Marqab,LY,LBY,32.6604211619,14.2599975165
581,62016,Misrata,Libya,Misratah,LY,LBY,32.3799731639,15.0999979235
582,62124,Sabha,Libya,Sabha,LY,LBY,27.0332710968,14.4333202705
583,62007,Zawiya,Libya,Az Zawiyah,LY,LBY,32.7604150584,12.7199881578
584,06680,Vaduz,Liechtenstein,Unknown,LI,LIE,47.139286,9.522796
585,26730,Vilnius,Lithuania,Vilniaus,LT,LTU,54.6833663118,25.3166352933
586,D1964,Diekirch,Luxembourg,Diekirch,LU,LUX,49.8833010509,6.16670155545
587,06590,Luxembourg,Luxembourg,Luxembourg,LU,LUX,49.6116603791,6.13000280623
588,45011,Macau,Macau S.A.R,,MO,MAC,22.2029974558,113.54504838
589,13588,Skopje,Macedonia,Centar,MK,MKD,42.0000061229,21.4334614651
590,67083,Antananarivo,Madagascar,Antananarivo,MG,MDG,-18.9166373506,47.5166239001
591,67009,Antsiranana,Madagascar,Antsiranana,MG,MDG,-12.2765015156,49.3115261042
592,67137,Fianarantsoa,Madagascar,Fianarantsoa,MG,MDG,-21.4333312797,47.0832653389
593,67027,Mahajanga,Madagascar,Mahajanga,MG,MDG,-15.6700138155,46.3450158272
594,67095,Toamasina,Madagascar,Toamasina,MG,MDG,-18.1817984835,49.404984089
595,67161,Toliara,Madagascar,Toliary,MG,MDG,-23.3568314425,43.6899840889
596,67693,Blantyre,Malawi,Blantyre,MW,MWI,-15.7900064913,34.989946654
597,48601,George Town,Malaysia,Pulau Pinang,MY,MYS,5.41361315558,100.329367867
598,48620,Ipoh,Malaysia,Perak,MY,MYS,4.59998923636,101.064983275
599,48615,Kota Bharu,Malaysia,Kelantan,MY,MYS,6.11997397758,102.229976765
600,96471,Kota Kinabalu,Malaysia,Sabah,MY,MYS,5.9799825225,116.110008096
601,96413,Kuching,Malaysia,Sarawak,MY,MYS,1.52996990855,110.329999145
602,48665,Malacca City,Malaysia,Melaka,MY,MYS,2.20641440725,102.246461547
603,48647,Putrajaya,Malaysia,Selangor,MY,MYS,2.91401979462,101.70194698
604,43555,Malé,Maldives,,MV,MDV,4.16670818981,73.499947468
605,61291,Bamako,Mali,Bamako,ML,MLI,12.6500146677,-8.00003910464
606,61257,Kayes,Mali,Kayes,ML,MLI,14.4499823191,-11.4400100112
607,61265,Mopti,Mali,Mopti,ML,MLI,14.4899798777,-4.18003971497
608,61277,San,Mali,Ségou,ML,MLI,13.3004142445,-4.9000474461
609,61297,Sikasso,Mali,Sikasso,ML,MLI,11.3204059031,-5.67999983868
610,61272,Ségou,Mali,Ségou,ML,MLI,13.4399922882,-6.26001611472
611,16597,Valletta,Malta,,MT,MLT,35.8997324819,14.5147106513
612,91378,Majuro,Marshall Islands,,MH,MHL,7.10300431122,171.380000176
613,61421,Atar,Mauritania,Adrar,MR,MRT,20.5166404409,-13.0499892593
614,61995,Port Louis,Mauritius,,MU,MUS,-20.1666385714,57.4999938546
615,67005,Mamoudzou,Mayotte,Unknown,YT,MYT,-12.780586,45.227991
616,76571,Aguascalientes City,Mexico,Aguascalientes,MX,MEX,21.8794599241,-102.290413469
617,76695,Campeche,Mexico,Campeche,MX,MEX,19.8299898468,-90.4999904803
618,76750,Chetumal,Mexico,Quintana Roo,MX,MEX,18.5000193471,-88.2999955665
619,76225,Chihuahua,Mexico,Chihuahua,MX,MEX,28.6449815053,-106.084982342
620,76762,Chilpancingo,Mexico,Guerrero,MX,MEX,17.5499739776,-99.5000096047
621,76499,Ciudad Victoria,Mexico,Tamaulipas,MX,MEX,23.7199591258,-99.1299805113
622,76658,Colima,Mexico,Colima,MX,MEX,19.2299747914,-103.720010418
623,76412,Culiacán,Mexico,Sinaloa,MX,MEX,24.8299947296,-107.379967897
624,76423,Durango,Mexico,Durango,MX,MEX,24.0311029246,-104.67002995
625,76656,Guadalajara,Mexico,Jalisco,MX,MEX,20.6700160919,-103.330034222
626,76160,Hermosillo,Mexico,Sonora,MX,MEX,29.0988814484,-110.954064984
627,72281,Mexicali,Mexico,Baja California,MX,MEX,32.6499825226,-115.480016115
628,76665,Morelia,Mexico,Michoacán,MX,MEX,19.7333807566,-101.189493044
629,76593,Mérida,Mexico,Yucatán,MX,MEX,20.9666388133,-89.6166335467
630,76775,Oaxaca de Juárez,Mexico,Oaxaca,MX,MEX,17.0826898386,-96.6699497902
631,76632,Pachuca,Mexico,Hidalgo,MX,MEX,20.1704341827,-98.7300307635
632,76685,Puebla Garcia,Mexico,Puebla,MX,MEX,19.0499599395,-98.2000372739
633,76625,Querétaro,Mexico,Querétaro,MX,MEX,20.6300185333,-100.379981732
634,76539,San Luis Potosí,Mexico,San Luis Potosí,MX,MEX,22.1699762156,-100.999995567
635,76556,Tepic,Mexico,Nayarit,MX,MEX,21.5053914581,-104.879991294
636,76675,Toluca,Mexico,México,MX,MEX,19.3303820994,-99.6699992287
637,76843,Tuxtla Gutiérrez,Mexico,Chiapas,MX,MEX,16.7499969675,-93.1500096047
638,76743,Villahermosa,Mexico,Tabasco,MX,MEX,17.99997235,-92.899973187
639,76687,Xalapa,Mexico,Veracruz,MX,MEX,19.5299823191,-96.9199862079
640,76525,Zacatecas,Mexico,Zacatecas,MX,MEX,22.7704305206,-102.580002484
641,33745,Bălți,Moldova,Balti,MD,MDA,47.7590861197,27.9053144925
642,33815,Chișinău,Moldova,Chisinau,MD,MDA,47.0050236197,28.8577111397
643,07690,Monaco,Monaco,,MC,MCO,43.7396456879,7.40691317347
644,44277,Altai,Mongolia,Govi-Altay,MN,MNG,46.396120218,95.8450434967
645,44288,Arvaikheer,Mongolia,Övörhangay,MN,MNG,46.2499792675,102.766584838
646,44287,Bayankhongor,Mongolia,Bayanhongor,MN,MNG,46.3000020539,100.983334512
647,44259,Choibalsan,Mongolia,Dornod,MN,MNG,48.06658673,114.506023314
648,44373,Dalanzadgad,Mongolia,Ömnögovi,MN,MNG,43.5835528758,104.440281127
649,44218,Khovd,Mongolia,Hovd,MN,MNG,48.0166414582,91.6332592356
650,44341,Mandalgovi,Mongolia,Dundgovi,MN,MNG,45.7499839468,106.26600948
651,44231,Mörön,Mongolia,Hövsgöl,MN,MNG,49.6452758983,100.154444538
652,44354,Sainshand,Mongolia,Dornogovi,MN,MNG,44.866601175,110.150010131
653,30925,Sükhbaatar,Mongolia,Selenge,MN,MNG,50.2499971188,106.200000624
654,44282,Tsetserleg,Mongolia,Arhangay,MN,MNG,47.4768811229,101.450179402
655,44292,Ulaanbaatar,Mongolia,Ulaanbaatar,MN,MNG,47.9166733999,106.916615762
656,44212,Ulaangom,Mongolia,Uvs,MN,MNG,49.9833172802,92.0666177968
657,44214,Ölgii,Mongolia,Bayan-Ölgiy,MN,MNG,48.9336914257,89.9500028066
658,44304,Öndörkhaan,Mongolia,Hentiy,MN,MNG,47.3166841828,110.65003129
659,13463,Podgorica,Montenegro,Podgorica,ME,MNE,42.4659725129,19.2663069241
660,03808,Plymouth,Montserrat,Unknown,MS,MSR,50.371266,-4.142566
661,60220,Agadir,Morocco,Souss - Massa - Draâ,MA,MAR,30.4399882192,-9.62004358055
662,60155,Casablanca,Morocco,Grand Casablanca,MA,MAR,33.5999762156,-7.61636743309
663,60230,Marrakesh,Morocco,Marrakech - Tensift - Al Haouz,MA,MAR,31.629993102,-7.9999874282
664,60150,Meknes,Morocco,Meknès - Tafilalet,MA,MAR,33.900422993,-5.55998132468
665,60115,Oujda,Morocco,Oriental,MA,MAR,34.6900130402,-1.90997155904
666,60135,Rabat,Morocco,Rabat - Salé - Zemmour - Zaer,MA,MAR,34.0252990916,-6.83613082013
667,67297,Beira,Mozambique,Sofala,MZ,MOZ,-19.82004474,34.8700056546
668,67295,Chimoio,Mozambique,Manica,MZ,MOZ,-19.1200357881,33.4700394274
669,67217,Lichinga,Mozambique,Nassa,MZ,MOZ,-13.3000292777,35.2400089099
670,67341,Maputo,Mozambique,Maputo,MZ,MOZ,-25.9552774874,32.5891629626
671,67323,Maxixe,Mozambique,Inhambane,MZ,MOZ,-23.8660227402,35.3885509499
672,67237,Nampula,Mozambique,Nampula,MZ,MOZ,-15.1360412406,39.2930431709
673,67215,Pemba,Mozambique,Cabo Delgado,MZ,MOZ,-12.983046042,40.5323473702
674,67283,Quelimane,Mozambique,Zambezia,MZ,MOZ,-17.8800081189,36.8899857165
675,67261,Tete,Mozambique,Tete,MZ,MOZ,-16.1700349743,33.5800068753
676,67335,Xai-Xai,Mozambique,Gaza,MZ,MOZ,-25.0399845186,33.6400032132
677,48042,Mandalay,Myanmar,Mandalay,MM,MMR,21.9699884226,96.0850288483
678,48375,Mawlamyine,Myanmar,Mon,MM,MMR,16.5004256378,97.6700483795
679,48008,Myitkyina,Myanmar,Kachin,MM,MMR,25.3596264842,97.3927526438
680,48062,Sittwe,Myanmar,Rakhine,MM,MMR,20.1399967641,92.8800048411
681,48097,Yangon,Myanmar,Yangon,MM,MMR,16.7833541046,96.1666776113
682,68116,Gobabis,Namibia,Omaheke,,NAM,-22.4549999974,18.9630005375
683,68312,Keetmanshoop,Namibia,Karas,,NAM,-26.5738960584,18.1299938545
684,68114,Omaruru,Namibia,Erongo,,NAM,-21.436001931,15.9509975392
685,68098,Swakopmund,Namibia,Erongo,,NAM,-22.6688630994,14.5350194892
686,68014,Tsumeb,Namibia,Oshikoto,,NAM,-19.2400284639,17.7100194892
687,68110,Windhoek,Namibia,Khomas,,NAM,-22.5700060844,17.0835461005
688,44477,Biratnagar,Nepal,Bhojpur,NP,NPL,26.4837439158,87.283343871
689,42147,Dadeldhura,Nepal,Mahakali,NP,NPL,29.3000041597,80.6000045474
690,42398,Ilam,Nepal,Mechi,NP,NPL,26.9080020735,87.9260045327
691,44454,Kathmandu,Nepal,Bhaktapur,NP,NPL,27.7166919139,85.3166422108
692,42273,Nepalgunj,Nepal,Banke,NP,NPL,28.050340799,81.6166613352
693,42379,Siddharthanagar,Nepal,Lumbini,NP,NPL,27.5333040891,83.3832995306
694,D2629,Arnhem,Netherlands,Gelderland,NL,NLD,51.9879960345,5.92299956246
695,06280,Groningen,Netherlands,Groningen,NL,NLD,53.2204065136,6.58000117862
696,06235,Haarlem,Netherlands,Noord-Holland,NL,NLD,52.3804319449,4.62999100609
697,06380,Maastricht,Netherlands,Limburg,NL,NLD,50.8529970672,5.67700247661
698,06310,Middelburg,Netherlands,Zeeland,NL,NLD,51.5019961773,3.60999954067
699,06260,Utrecht,Netherlands,Utrecht,NL,NLD,52.1003456819,5.12003861351
700,93110,Auckland,New Zealand,Auckland,NZ,NZL,-36.84805489493,174.76302698708
701,93781,Christchurch,New Zealand,Canterbury,NZ,NZL,-43.53502159539,172.63002315616
702,93292,Gisborne,New Zealand,Gisborne,NZ,NZL,-38.6633331893,178.01808132
703,93119,Hamilton,New Zealand,Waikato,NZ,NZL,-37.77826935905,175.28957807351
704,93845,Invercargill,New Zealand,Southland,NZ,NZL,-46.40943658873,168.36500577554
705,93309,New Plymouth,New Zealand,Taranaki,NZ,NZL,-39.05563927938,174.07481249334
706,93439,Wellington,New Zealand,Manawatu-Wanganui,NZ,NZL,-41.29998785369,174.78326585928
707,93420,Whanganui,New Zealand,Manawatu-Wanganui,NZ,NZL,-39.93262612852,175.03929997116
708,78735,Juigalpa,Nicaragua,Chontales,NI,NIC,12.1099959503,-85.3799670835
709,78741,Managua,Nicaragua,Managua,NI,NIC,12.1530165801,-86.2684916603
710,61024,Agadez,Niger,Agadez,NE,NER,16.9958734324,7.98280960962
711,61085,Diffa,Niger,Diffa,NE,NER,13.3170540557,12.6088838284
712,61080,Maradi,Niger,Maradi,NE,NER,13.4916428822,7.09640376652
713,61052,Niamey,Niger,Niamey,NE,NER,13.5167059519,2.11665604514
714,61043,Tahoua,Niger,Tahoua,NE,NER,14.8999806915,5.25992671573
715,61090,Zinder,Niger,Zinder,NE,NER,13.7999961537,8.98331701522
716,61099,Birnin Kebbi,Nigeria,Kebbi,NG,NGA,12.450414448,4.19993973656
717,61096,Gashua,Nigeria,Yobe,NG,NGA,12.8704921661,11.039987344
718,65101,Ilorin,Nigeria,Kwara,NG,NGA,8.49001019178,4.5499958889
719,65134,Jos,Nigeria,Plateau,NG,NGA,9.9299739776,8.89004105494
720,65046,Kano,Nigeria,Kano,NG,NGA,11.9999768259,8.52003779973
721,65201,Lagos,Nigeria,Lagos,NG,NGA,6.44326165348,3.39153107121
722,65082,Maiduguri,Nigeria,Borno,NG,NGA,11.849960143,13.1600129788
723,65271,Makurdi,Nigeria,Benue,NG,NGA,7.72997906385,8.53001135116
724,65123,Minna,Nigeria,Niger,NG,NGA,9.61999289849,6.5500288479
725,65250,Port Harcourt,Nigeria,Rivers,NG,NGA,4.8100022572,7.01000077173
726,61075,Sokoto,Nigeria,Sokoto,NG,NGA,13.0600154815,5.2400312893
727,65167,Yola,Nigeria,Adamawa,NG,NGA,9.20999208469,12.4800028063
728,78397,Kingston,Norfolk Island,Unknown,NF,NFK,17.971215,-76.792813
729,47069,Haeju,North Korea,Hwanghae-namdo,KP,PRK,38.0394209992,125.714383096
730,47016,Hyesan,North Korea,Ryanggang,KP,PRK,41.3927305288,128.192733113
731,47112,Kaesong,North Korea,Kaesong,KP,PRK,37.9639992463,126.564408731
732,54374,Kanggye,North Korea,Chagang-do,KP,PRK,40.9732212515,126.603217732
733,47058,Pyongyang,North Korea,P'yongyang,KP,PRK,39.0194386994,125.754690714
734,47035,Sinuiju,North Korea,P'yongan-bukto,KP,PRK,40.0858593944,124.421283731
735,47055,Wonsan,North Korea,Kangwon-do,KP,PRK,39.1604895213,127.430815795
736,91232,Capitol Hill,Northern Mariana Islands,,MP,MNP,15.2112536814,145.75057613
737,01465,Arendal,Norway,Aust-Agder,NO,NOR,58.4647560555,8.76600055346
738,01492,Oslo,Norway,Oslo,NO,NOR,59.9166902864,10.749979206
739,01403,Stavanger,Norway,Rogaland,NO,NOR,58.970003885,5.68000443383
740,01026,Tromsø,Norway,Troms,NO,NOR,69.635076227,18.9920252458
741,01271,Trondheim,Norway,Sør-Trøndelag,NO,NOR,63.4166575309,10.4166662177
742,41258,Muscat,Oman,Muscat,OM,OMN,23.6133248077,58.5933121326
743,41571,Islamabad,Pakistan,F.C.T.,PK,PAK,33.6999959503,73.1666344797
744,41780,Karachi,Pakistan,Sind,PK,PAK,24.8699922882,66.99000891
745,41640,Lahore,Pakistan,Punjab,PK,PAK,31.5599715363,74.3500247792
746,41530,Peshawar,Pakistan,N.W.F.P.,PK,PAK,34.0050160919,71.5350028065
747,41660,Quetta,Pakistan,Baluchistan,PK,PAK,30.2200016469,67.0249938546
748,94182,Daru,Papua New Guinea,,PG,PNG,-9.10915195792,143.233722594
749,92076,Kavieng,Papua New Guinea,New Ireland,PG,PNG,-2.58128432287,150.812976477
750,92047,Lae,Papua New Guinea,Morobe,PG,PNG,-6.73298826205,146.990035359
751,86218,Asunción,Paraguay,Asunción,PY,PRY,-25.2964029757,-57.6415051693
752,86268,Caazapá,Paraguay,Caazapa,PY,PRY,-26.2000170707,-56.3800059424
753,83827,Ciudad del Este,Paraguay,Alto Paran,PY,PRY,-25.5166996065,-54.6160567643
754,86134,Concepción,Paraguay,Concepción,PY,PRY,-23.406389141,-57.4344118669
755,86234,Coronel Oviedo,Paraguay,Caaguazú,PY,PRY,-25.4499853324,-56.4399506039
756,86297,Encarnación,Paraguay,Itapúa,PY,PRY,-27.3471848174,-55.8739187784
757,86033,Fuerte Olimpo,Paraguay,Alto Paraguay,PY,PRY,-21.0695808728,-57.8999906836
758,86068,Mariscal Estigarribia,Paraguay,Boqueran,PY,PRY,-22.0300020506,-60.6099955491
759,86097,Pedro Juan Caballero,Paraguay,Amambay,PY,PRY,-22.5445812797,-55.7599921078
760,86255,Pilar,Paraguay,Peembucy,PY,PRY,-26.8694852511,-58.2999921078
761,86128,Pozo Colorado,Paraguay,Presidente Hayes,PY,PRY,-23.4300052706,-58.8599837663
762,86260,San Juan Bautista,Paraguay,Misiones,PY,PRY,-26.6799877739,-57.1500106218
763,86185,San Pedro de Ycuamandiyú,Paraguay,San Pedro,PY,PRY,-24.0899649874,-57.079989056
764,86233,Villarrica,Paraguay,Guairá,PY,PRY,-25.7500186983,-56.4333101823
765,84752,Arequipa,Peru,Arequipa,PE,PER,-16.4199938773,-71.5300114356
766,84673,Ayacucho,Peru,Ayacucho,PE,PER,-13.175023988,-74.2199506039
767,84472,Cajamarca,Peru,Cajamarca,PE,PER,-7.15001707065,-78.5300234392
768,84628,Callao,Peru,Lima,PE,PER,-12.0700268363,-77.1349664731
769,84444,Chachapoyas,Peru,Amazonas,PE,PER,-6.2296081351,-77.870012046
770,84452,Chiclayo,Peru,Lambayeque,PE,PER,-6.76290891635,-79.8365845151
771,84686,Cusco,Peru,Cusco,PE,PER,-13.5250284639,-71.9721549903
772,84542,Huaraz,Peru,Ancash,PE,PER,-9.53002683628,-77.5300069597
773,84564,Huánuco,Peru,Huánuco,PE,PER,-9.92002887079,-76.2400081804
774,84691,Ica,Peru,Ica,PE,PER,-14.067992738,-75.7254917823
775,84377,Iquitos,Peru,Loreto,PE,PER,-3.75001788444,-73.250009808
776,84455,Moyobamba,Peru,San Martín,PE,PER,-6.04961912143,-76.9666563331
777,84401,Piura,Peru,Piura,PE,PER,-5.21003212598,-80.6299727801
778,84515,Pucallpa,Peru,Ucayali,PE,PER,-8.36890907912,-74.5349959734
779,84658,Puerto Maldonado,Peru,Madre de Dios,PE,PER,-12.6000203259,-69.1833329688
780,84735,Puno,Peru,Callao,PE,PER,-15.8329496065,-70.0333069272
781,84782,Tacna,Peru,Tacna,PE,PER,-18.0000007947,-70.250012046
782,84501,Trujillo,Peru,La Libertad,PE,PER,-8.1200353812,-79.0199676938
783,84370,Tumbes,Peru,Tumbes,PE,PER,-3.57002887077,-80.459983156
784,98328,Baguio,Philippines,Benguet,PH,PHL,16.4299906606,120.569942585
785,98425,Manila,Philippines,Metropolitan Manila,PH,PHL,14.6041589548,120.982217162
786,12295,Białystok,Poland,Podlachian,PL,POL,53.1503591096,23.1699962959
787,12160,Elbląg,Poland,Warmian-Masurian,PL,POL,54.1899597362,19.4026810289
788,12566,Kraków,Poland,Lesser Poland,PL,POL,50.0599792675,19.9600113512
789,12385,Lublin,Poland,Lublin,PL,POL,51.2503975617,22.5727200914
790,12330,Poznań,Poland,Greater Poland,PL,POL,52.4057533967,16.8999397366
791,12205,Szczecin,Poland,West Pomeranian,PL,POL,53.4203943065,14.5300068753
792,12375,Warsaw,Poland,Masovian,PL,POL,52.2500006298,20.9999995511
793,12424,Wrocław,Poland,Lower Silesian,PL,POL,51.1104319449,17.0300093167
794,D6170,Zielona Góra,Poland,Lubusz,PL,POL,51.9504065136,15.5000251858
795,08053,Bragança,Portugal,Bragança,PT,PRT,41.8079970142,-6.75500342578
796,08383,Faro,Portugal,Faro,PT,PRT,37.0170803009,-7.93327315412
797,08522,Funchal,Portugal,Madeira,PT,PRT,32.6499825226,-16.880039715
798,08515,Ponta Delgada,Portugal,Azores,PT,PRT,37.7483018179,-25.6665834976
799,08045,Viana do Castelo,Portugal,Viana do Castelo,PT,PRT,41.6962351427,-8.84413748436
800,08048,Vila Real,Portugal,Vila Real,PT,PRT,41.2939981493,-7.73700249014
801,78526,San Juan,Puerto Rico,,PR,PRI,18.4400230092,-66.1299792904
802,41170,Doha,Qatar,Ad Dawhah,QA,QAT,25.2865560089,51.5329678943
803,15085,Bistrița,Romania,Bistrita-Nasaud,RO,ROU,47.1380040946,24.5130035803
804,15280,Brașov,Romania,Brasov,RO,ROU,45.6475354198,25.6071601956
805,15420,Bucharest,Romania,Bucharest,RO,ROU,44.4333718049,26.099946654
806,15350,Buzău,Romania,Buzau,RO,ROU,45.1565059602,26.8065185127
807,15120,Cluj-Napoca,Romania,Cluj,RO,ROU,46.7884218537,23.598445596
808,15480,Constanța,Romania,Constanta,RO,ROU,44.2026623729,28.6099743232
809,15450,Craiova,Romania,Dolj,RO,ROU,44.326272399,23.8258735745
810,15310,Galați,Romania,Galati,RO,ROU,45.4558933706,28.0458743883
811,15090,Iași,Romania,Iasi,RO,ROU,47.1683469839,27.5749470609
812,15292,Reșița,Romania,Caras-Severin,RO,ROU,45.2969625031,21.886508747
813,15260,Sibiu,Romania,Sibiu,RO,ROU,45.7971128531,24.1371207262
814,15023,Suceava,Romania,Suceava,RO,ROU,47.6376981802,26.2593167712
815,15247,Timișoara,Romania,Timis,RO,ROU,45.7588206167,21.2234484443
816,29866,Abakan,Russia,Krasnoyarsk,RU,RUS,53.7036845084,91.4450019928
817,30859,Aginskoye,Russia,Aga Buryat,RU,RUS,51.1030680533,114.522818155
818,25563,Anadyr,Russia,Chukchi Autonomous Okrug,RU,RUS,64.7369903759,177.474996296
819,34880,Astrakhan,Russia,Astrakhan',RU,RUS,46.3486554149,48.0549889718
820,29838,Barnaul,Russia,Altay,RU,RUS,53.3549977815,83.7450068755
821,31713,Birobidzhan,Russia,Yevrey,RU,RUS,48.7974206737,132.95078894
822,31510,Blagoveshchensk,Russia,Amur,RU,RUS,50.266607482,127.533341837
823,26894,Bryansk,Russia,Bryansk,RU,RUS,53.2599906607,34.4299808337
824,28748,Chelyabinsk,Russia,Chelyabinsk,RU,RUS,55.1549912711,61.438668171
825,37036,Cherkessk,Russia,Karachay-Cherkess,RU,RUS,44.2904089549,42.0600060616
826,30758,Chita,Russia,Chita,RU,RUS,52.0550254507,113.465001586
827,34861,Elista,Russia,Kalmyk,RU,RUS,46.3286566356,44.2087121163
828,36058,Gorno-Altaysk,Russia,Gorno-Altay,RU,RUS,51.961336079,85.9576883534
829,30710,Irkutsk,Russia,Irkutsk,RU,RUS,52.3199705191,104.245047566
830,27347,Ivanovo,Russia,Ivanovo,RU,RUS,57.0100201611,41.0099926338
831,28418,Izhevsk,Russia,Udmurt,RU,RUS,56.8500299267,53.2300219308
832,26603,Kaliningrad,Russia,Kaliningrad,RU,RUS,54.700006123,20.4973428942
833,27606,Kaluga,Russia,Kaluga,RU,RUS,54.5203788443,36.2700235583
834,27595,Kazan,Russia,Tatarstan,RU,RUS,55.749942036,49.126344766
835,29642,Kemerovo,Russia,Kemerovo,RU,RUS,55.3399670605,86.0899800201
836,31735,Khabarovsk,Russia,Khabarovsk,RU,RUS,48.4549867951,135.120010538
837,23933,Khanty-Mansiysk,Russia,Khanty-Mansiy,RU,RUS,61.0015336295,69.0015140369
838,27199,Kirov,Russia,Kirov,RU,RUS,58.5900529166,49.6699808337
839,27333,Kostroma,Russia,Kostroma,RU,RUS,57.7700254508,40.9400227445
840,34922,Krasnodar,Russia,Krasnodar,RU,RUS,45.019976826,39.0000377998
841,29477,Krasnoyarsk,Russia,Krasnoyarsk,RU,RUS,56.0139827668,92.8660005279
842,28116,Kudymkar,Russia,Komi-Permyak,RU,RUS,59.0161767773,54.6330370675
843,28661,Kurgan,Russia,Kurgan,RU,RUS,55.4599597362,65.3449930408
844,34109,Kursk,Russia,Kursk,RU,RUS,51.7399800813,36.1900284411
845,36096,Kyzyl,Russia,Tuva,RU,RUS,51.7067004589,94.3830655507
846,27930,Lipetsk,Russia,Lipetsk,RU,RUS,52.620003885,39.6399987374
847,25913,Magadan,Russia,Maga Buryatdan,RU,RUS,59.5749798779,150.81000891
848,37472,Makhachkala,Russia,Dagestan,RU,RUS,42.9800238231,47.4999840889
849,37107,Maykop,Russia,Adygey,RU,RUS,44.6099760122,40.1200211169
850,27511,Moscow,Russia,Moskva,RU,RUS,55.7521641226,37.6155228259
851,22113,Murmansk,Russia,Murmansk,RU,RUS,68.9699878125,33.1000361722
852,37212,Nalchik,Russia,Kabardin-Balkar,RU,RUS,43.498105895,43.6179471423
853,23205,Naryan-Mar,Russia,Nenets,RU,RUS,67.6474070426,53.0574226469
854,27459,Nizhny Novgorod,Russia,Nizhegorod,RU,RUS,56.3330072216,44.0000943591
855,29631,Novosibirsk,Russia,Novosibirsk,RU,RUS,55.0299601431,82.960041869
856,28698,Omsk,Russia,Omsk,RU,RUS,54.9899884228,73.3999535715
857,35127,Orenburg,Russia,Orenburg,RU,RUS,51.7799776399,55.1100105375
858,27906,Oryol,Russia,Orel,RU,RUS,52.9699566845,36.0699840889
859,27962,Penza,Russia,Penza,RU,RUS,53.1800213817,44.9999816475
860,28224,Perm,Russia,Perm',RU,RUS,57.9999597363,56.2499926339
861,32583,Petropavlovsk-Kamchatsky,Russia,Kamchatka,RU,RUS,53.0619924104,158.623020385
862,22820,Petrozavodsk,Russia,Karelia,RU,RUS,61.8499831331,34.2800158272
863,26258,Pskov,Russia,Pskov,RU,RUS,57.8299959504,28.3299397367
864,34737,Rostov-on-Don,Russia,Rostov,RU,RUS,47.2346478466,39.7126558012
865,27835,Ryazan,Russia,Ryazan',RU,RUS,54.6199593293,39.7199938545
866,26063,Saint Petersburg,Russia,City of St. Petersburg,RU,RUS,59.9390145051,30.3160200589
867,23330,Salekhard,Russia,Yamal-Nenets,RU,RUS,66.5350201611,66.6099804269
868,35001,Samara,Russia,Samara,RU,RUS,53.1950075471,50.1512951241
869,27760,Saransk,Russia,Mordovia,RU,RUS,54.1703743684,45.1800223376
870,34172,Saratov,Russia,Saratov,RU,RUS,51.5799898469,46.029996296
871,33946,Simferopol,Russia,Crimea,RU,RUS,44.9491542756,34.0987349027
872,26781,Smolensk,Russia,Smolensk,RU,RUS,54.7826884146,32.04733557
873,34949,Stavropol,Russia,Stavropol',RU,RUS,45.0500008332,41.9800109444
874,23804,Syktyvkar,Russia,Komi,RU,RUS,61.6599947298,50.819988158
875,27848,Tambov,Russia,Tambov,RU,RUS,52.7300230093,41.4300186755
876,27719,Tula,Russia,Tula,RU,RUS,54.1999591259,37.6299405505
877,24507,Tura,Russia,Evenk,RU,RUS,64.2832971386,100.250045938
878,27402,Tver,Russia,Tver',RU,RUS,56.8599776399,35.8899950752
879,28465,Tyumen,Russia,Tyumen',RU,RUS,57.1400122265,65.5299946684
880,28722,Ufa,Russia,Bashkortostan,RU,RUS,54.7899747916,56.0400312895
881,27697,Ulyanovsk,Russia,Ul'yanovsk,RU,RUS,54.3299770295,48.4100060616
882,26179,Veliky Novgorod,Russia,Novgorod,RU,RUS,58.4999808951,31.3300150134
883,27532,Vladimir,Russia,Vladimir,RU,RUS,56.1299705191,40.4099259021
884,31960,Vladivostok,Russia,Primor'ye,RU,RUS,43.1300146678,131.910025593
885,34560,Volgograd,Russia,Volgograd,RU,RUS,48.7100099885,44.4999604887
886,27037,Vologda,Russia,Vologda,RU,RUS,59.2099892366,39.9199816475
887,34123,Voronezh,Russia,Voronezh,RU,RUS,51.7299806916,39.2699954821
888,24959,Yakutsk,Russia,Sakha (Yakutia),RU,RUS,62.0349589225,129.735016234
889,27329,Yaroslavl,Russia,Yaroslavl',RU,RUS,57.6199829296,39.8700105375
890,28440,Yekaterinburg,Russia,Sverdlovsk,RU,RUS,56.8500299267,60.5999596749
891,27485,Yoshkar-Ola,Russia,Mariy-El,RU,RUS,56.6353918652,47.8749482817
892,32150,Yuzhno-Sakhalinsk,Russia,Sakhalin,RU,RUS,46.9649743846,142.740010538
893,64387,Kigali,Rwanda,Kigali City,RW,RWA,-1.95359006868,30.0605317777
894,07149,Saint-Denis,Réunion,Unknown,RE,REU,48.935773,2.358023
895,KPHF0,Jamestown,Saint Helena,Unknown,SH,SHN,37.210443,-76.773893
896,78543,Basseterre,Saint Kitts and Nevis,Unknown,KN,KNA,17.296092,-62.722301
897,07190,Saint-Pierre,Saint Pierre and Miquelon,Unknown,PM,SPM,48.383272,7.471873
898,91765,Apia,Samoa,Unknown,WS,WSM,-13.834369,-171.769279
899,16149,San Marino,San Marino,,SM,SMR,43.9171500845,12.4666702867
900,41112,Abha,Saudi Arabia,`Asir,SA,SAU,18.230087503,42.5001342354
901,40357,Arar,Saudi Arabia,Al Hudud ash Shamaliyah,SA,SAU,30.9900063263,41.0206896553
902,40405,Buraidah,Saudi Arabia,Al Quassim,SA,SAU,26.3663867381,43.9628356514
903,40416,Dammam,Saudi Arabia,Ash Sharqiyah,SA,SAU,26.4281917511,50.0996703683
904,40394,Ha'il,Saudi Arabia,Ha'il,SA,SAU,27.5235770864,41.7000797107
905,41140,Jizan,Saudi Arabia,Jizan,SA,SAU,16.9065507192,42.5565648995
906,40430,Medina,Saudi Arabia,Al Madinah,SA,SAU,24.499989033,39.5800023995
907,41128,Najran,Saudi Arabia,Najran,SA,SAU,17.5065399363,44.1315592029
908,40437,Riyadh,Saudi Arabia,Ar Riyad,SA,SAU,24.6408331492,46.7727416573
909,40361,Sakakah,Saudi Arabia,Al Jawf,SA,SAU,29.9999970594,40.1333045399
910,40375,Tabuk,Saudi Arabia,Tabuk,SA,SAU,28.3838346548,36.554967406
911,40360,,Saudi Arabia,Al Jawf,SA,SAU,31.3333020458,37.3332965345
912,61641,Dakar,Senegal,Dakar,SN,SEN,14.715831725,-17.4731301284
913,61666,Diourbel,Senegal,Diourbel,SN,SEN,14.6603829132,-16.2400012629
914,61679,Kaolack,Senegal,Kaolack,SN,SEN,14.1499747914,-16.1000098078
915,61630,Kaédi,Senegal,Matam,SN,SEN,16.1500077504,-13.4999876317
916,61698,Kolda,Senegal,Kolda,SN,SEN,12.9104380482,-14.9500283218
917,61600,Louga,Senegal,Louga,SN,SEN,15.6103766062,-16.2500006525
918,61687,Tambacounda,Senegal,Tambacounda,SN,SEN,13.7803591094,-13.6800283218
919,61695,Ziguinchor,Senegal,Ziguinchor,SN,SEN,12.5899924916,-16.2899982111
920,13274,Belgrade,Serbia,Grad Beograd,RS,SRB,44.8186454458,20.4679906806
921,13168,Novi Sad,Serbia,Južno-Backi,RS,SRB,45.2503761994,19.8499405504
922,63980,Victoria,Seychelles,,SC,SYC,-4.61663165397,55.4499897856
923,61832,Freetown,Sierra Leone,Unknown,SL,SLE,8.479004,-13.26795
924,48698,Singapore,Singapore,,SG,SGP,1.29303346649,103.855820678
925,11903,Banská Bystrica,Slovakia,Banskobystrický,SK,SVK,48.7332902212,19.149983275
926,11968,Košice,Slovakia,Košický,SK,SVK,48.7304480175,21.2500101305
927,14015,Ljubljana,Slovenia,Osrednjeslovenska,SI,SVN,46.0552883088,14.5149690335
928,91517,Honiara,Solomon Islands,Guadalcanal,SB,SLB,-9.43799429509,159.949765734
929,63624,Garbahaareey,Somalia,Gedo,SO,SOM,3.32700311625,42.2270016449
930,68754,Bhisho,South Africa,Eastern Cape,ZA,ZAF,-32.8699975395,27.3899971097
931,68442,Bloemfontein,South Africa,Orange Free State,ZA,ZAF,-29.1199938774,26.2299128812
932,68816,Cape Town,South Africa,Western Cape,ZA,ZAF,-33.9200109672,18.4349881578
933,68438,Kimberley,South Africa,Northern Cape,ZA,ZAF,-28.7468383598,24.7700019925
934,68242,Mmabatho,South Africa,North West,ZA,ZAF,-25.8300138155,25.6100023994
935,68296,Nelspruit,South Africa,Mpumalanga,ZA,ZAF,-25.4696223767,30.9800105374
936,68580,Pietermaritzburg,South Africa,KwaZulu-Natal,ZA,ZAF,-29.6100414848,30.39002071
937,68263,Pretoria,South Africa,Gauteng,ZA,ZAF,-25.7069205538,28.2294290758
938,88903,King Edward Point,South Georgia,Unknown,GS,SGS,-54.283545,-36.494636
939,47159,Busan,South Korea,Busan,KR,KOR,35.0950529165,129.010047566
940,47101,Chuncheon,South Korea,Gangwon-do,KR,KOR,37.8747023713,127.734156453
941,47138,Daegu,South Korea,Taegu-gwangyoksi,KR,KOR,35.8667887563,128.606971394
942,47133,Daejeon,South Korea,Daejeon,KR,KOR,36.3355456737,127.425028035
943,47165,Gwangju,South Korea,Kwangju-gwangyoksi,KR,KOR,35.1709655955,126.910434122
944,47184,Jeju,South Korea,Jeju,KR,KOR,33.5101367381,126.521930704
945,47108,Seoul,South Korea,Seoul,KR,KOR,37.5663490998,126.999730997
946,62941,Juba,South Sudan,Central Equatoria,SS,SSD,4.82997519828,31.5800255928
947,08181,Barcelona,Spain,Cataluña,ES,ESP,41.3832995799,2.18337031923
948,60320,Ceuta,Spain,Ceuta,ES,ESP,35.888983784,-5.30699935039
949,08084,Logroño,Spain,La Rioja,ES,ESP,42.4703650096,-2.42999149719
950,08222,Madrid,Spain,Comunidad de Madrid,ES,ESP,40.4000262645,-3.683351686
951,60338,Melilla,Spain,Melilla,ES,ESP,35.300001647,-2.95001143535
952,08430,Murcia,Spain,Región de Murcia,ES,ESP,37.9799931021,-1.12996749003
953,08330,Mérida,Spain,Extremadura,ES,ESP,38.9120040184,-6.33799751231
954,08015,Oviedo,Spain,Principado de Asturias,ES,ESP,43.3504921662,-5.8299906834
955,08306,Palma,Spain,Islas Baleares,ES,ESP,39.5742627147,2.65424597028
956,08085,Pamplona,Spain,Comunidad Foral de Navarra,ES,ESP,42.8200077505,-1.64998742818
957,60020,Santa Cruz de Tenerife,Spain,,ES,ESP,28.4699792674,-16.2500006525
958,08021,Santander,Spain,Cantabria,ES,ESP,43.3804644969,-3.79998539368
959,08042,Santiago de Compostela,Spain,Galicia,ES,ESP,42.8828979686,-8.54109135073
960,08391,Seville,Spain,Andalucía,ES,ESP,37.4050152782,-5.98000736635
961,08272,Toledo,Spain,Castilla-La Mancha,ES,ESP,39.8670355418,-4.01671635071
962,08285,Valencia,Spain,Comunidad Valenciana,ES,ESP,39.4850175161,-0.40001204569
963,08141,Valladolid,Spain,Castilla y León,ES,ESP,41.650001647,-4.75003076315
964,08080,Vitoria-Gasteiz,Spain,País Vasco,ES,ESP,42.8499800812,-2.66997684876
965,08160,Zaragoza,Spain,Aragón,ES,ESP,41.650001647,-0.88998213846
966,43473,Badulla,Sri Lanka,Badulla,LK,LKA,6.98369386691,81.0499259022
967,43466,Colombo,Sri Lanka,Colombo,LK,LKA,6.93196575818,79.8577506093
968,43497,Galle,Sri Lanka,Galle,LK,LKA,6.03000530896,80.2400011789
969,43424,Puttalam,Sri Lanka,Puttalam,LK,LKA,8.03300408359,79.8260045421
970,43418,Trincomalee,Sri Lanka,Trincomalee,LK,LKA,8.56899903641,81.2330015532
971,62760,Al-Fashir,Sudan,Northern Darfur,SD,SDN,13.6299806915,25.3500182685
972,62650,Dongola,Sudan,Northern,SD,SDN,19.1665936472,30.4832966703
973,62721,Khartoum,Sudan,Khartoum,SD,SDN,15.5880782257,32.5341792386
974,81225,Onverwacht,Suriname,Para,SR,SUR,5.59999812537,-55.199996481
975,01008,Longyearbyen,Svalbard and Jan Mayen Islands,Svalbard,SJ,SJM,78.2166843864,15.5499962958
976,68387,Hlatikulu,Swaziland,Shiselweni,SZ,SWZ,-26.9999999269,31.4166965486
977,02433,Falun,Sweden,Dalarna,SE,SWE,60.6130020356,15.6470045537
978,02550,Jönköping,Sweden,Jönköping,SE,SWE,57.7713431998,14.165016234
979,02418,Karlstad,Sweden,Värmland,SE,SWE,59.3671372672,13.4999405504
980,06193,Kristianstad,Sweden,Skåne,SE,SWE,56.0336714875,14.1332869046
981,02562,Linköping,Sweden,Östergötland,SE,SWE,58.4100122265,15.6299397366
982,10091,Malmö,Sweden,Skåne,SE,SWE,55.5833372183,13.0333023668
983,02485,Stockholm,Sweden,Stockholm,SE,SWE,59.3507599543,18.0973347328
984,02590,Visby,Sweden,Gotland,SE,SWE,57.633651346,18.3000093167
985,06680,Appenzell,Switzerland,Appenzell Innerrhoden,CH,CHE,47.3333041031,9.41670050466
986,06601,Basel,Switzerland,Basel-Stadt,CH,CHE,47.5803890168,7.59001704777
987,06770,Bellinzona,Switzerland,Ticino,CH,CHE,46.1970001317,9.01999860875
988,07299,Delémont,Switzerland,Jura,CH,CHE,47.3699971258,7.34499948764
989,10929,Frauenfeld,Switzerland,Thurgau,CH,CHE,47.5679971657,9.10800050195
990,06700,Geneva,Switzerland,Genève,CH,CHE,46.2100075471,6.14002803409
991,EDTR0,Liestal,Switzerland,Basel-Landschaft,CH,CHE,47.4830011176,7.73700346795
992,06610,Neuchâtel,Switzerland,Neuchâtel,CH,CHE,46.9989991447,6.9229986154
993,D5731,Schaffhausen,Switzerland,Schaffhausen,CH,CHE,47.7060030907,8.63299852333
994,06720,Sion,Switzerland,Valais,CH,CHE,46.2390030286,7.35399948193
995,06660,Zürich,Switzerland,Zürich,CH,CHE,47.3799878124,8.55001013046
996,40080,Damascus,Syria,Damascus,SY,SYR,33.5000339956,36.299995889
997,40030,Hama,Syria,Hamah,SY,SYR,35.1503466991,36.7299954821
998,40007,Idlib,Syria,Idlib,SY,SYR,35.9297048127,36.6316552315
999,40022,Latakia,Syria,Lattakia (Al Ladhiqiyah),SY,SYR,35.5399869985,35.7799759509
1000,40103,Tartus,Syria,Tartus,SY,SYR,34.8846344837,35.8865840527
1001,64501,São Tomé,São Tomé and Príncipe,Unknown,ST,STP,0.338924,6.731303
1002,58847,Taipei,Taiwan,Unknown,TW,TWN,25.03752,121.56368
1003,38836,Dushanbe,Tajikistan,Tadzhikistan Territories,TJ,TJK,38.5600352163,68.7738793527
1004,38847,Kulob,Tajikistan,Khatlon,TJ,TJK,37.9211594839,69.7757303455
1005,38715,Leninobod,Tajikistan,Leninabad,TJ,TJK,39.7500030086,69.0000036516
1006,38933,Qurghonteppa,Tajikistan,Khatlon,TJ,TJK,37.8373144725,68.7713472075
1007,63894,Dar es Salaam,Tanzania,Dar-Es-Salaam,TZ,TZA,-6.80001259474,39.2683418363
1008,63862,Dodoma,Tanzania,Dodoma,TZ,TZA,-6.18330605177,35.7500036201
1009,63971,Mtwara,Tanzania,Mtwara,TZ,TZA,-10.2696199352,40.1899910062
1010,63756,Mwanza,Tanzania,Mwanza,TZ,TZA,-2.52001544303,32.93002071
1011,63962,Songea,Tanzania,Ruvuma,TZ,TZA,-10.6800341605,35.6500097237
1012,63832,Tabora,Tanzania,Tabora,TZ,TZA,-5.02001788444,32.8000028063
1013,63870,Zanzibar City,Tanzania,Zanzibar West,TZ,TZA,-6.1599999808,39.2000255928
1014,48455,Bangkok,Thailand,Bangkok Metropolis,TH,THA,13.7499992055,100.516644652
1015,48480,Chanthaburi,Thailand,Chanthaburi,TH,THA,12.6132727244,102.097891804
1016,48327,Chiang Mai,Thailand,Chiang Mai,TH,THA,18.7999751983,98.9800459381
1017,48303,Chiang Rai,Thailand,Chiang Rai,TH,THA,19.9118711537,99.8264542226
1018,48459,Chon Buri,Thailand,Chon Buri,TH,THA,13.400408141,100.999974324
1019,48517,Chumphon,Thailand,Chumphon,TH,THA,10.5126774281,99.1872167552
1020,48450,Kanchanaburi,Thailand,Kanchanaburi,TH,THA,14.0174247426,99.52202836
1021,48381,Khon Kaen,Thailand,Khon Kaen,TH,THA,16.4200429473,102.830043497
1022,48328,Lampang,Thailand,Lampang,TH,THA,18.2915566192,99.4812556549
1023,48353,Loei,Thailand,Loei,TH,THA,17.4918896677,101.731505899
1024,48426,Lopburi,Thailand,Lop Buri,TH,THA,14.8040175567,100.618602253
1025,48300,Mae Hong Son,Thailand,Mae Hong Son,TH,THA,19.30100405,97.9689966529
1026,48357,Nakhon Phanom,Thailand,Nakhon Phanom,TH,THA,17.3944795929,104.769460001
1027,48431,Nakhon Ratchasima,Thailand,Nakhon Ratchasima,TH,THA,15.0000262644,102.100010538
1028,48400,Nakhon Sawan,Thailand,Nakhon Sawan,TH,THA,15.7000352162,100.070005248
1029,48552,Nakhon Si Thammarat,Thailand,Nakhon Si Thammarat,TH,THA,8.39998984673,99.9700113515
1030,48456,Pathum Thani,Thailand,Pathum Thani,TH,THA,14.017114684,100.53333614
1031,48565,Phang Nga,Thailand,Phangnga,TH,THA,8.4510000858,98.5339985744
1032,48379,Phetchabun,Thailand,Phetchabun,TH,THA,16.4189970712,101.159001653
1033,48475,Phetchaburi,Thailand,Phetchaburi,TH,THA,13.1132938832,99.9411759023
1034,48378,Phitsanulok,Thailand,Phitsanulok,TH,THA,16.8283126007,100.272886921
1035,48330,Phrae,Thailand,Phrae,TH,THA,18.1532963246,100.162919473
1036,48564,Phuket,Thailand,Phuket,TH,THA,7.87653342583,98.3815294993
1037,48430,Prachin Buri,Thailand,Prachin Buri,TH,THA,14.0572155955,101.376798868
1038,48500,Prachuap Khiri Khan,Thailand,Prachuap Khiri Khan,TH,THA,11.8029960468,99.8000016876
1039,48112,Ranong,Thailand,Ranong,TH,THA,9.96200109451,98.6380025719
1040,48477,Rayong,Thailand,Rayong,TH,THA,12.6718479604,101.28145585
1041,48405,Roi Et,Thailand,Roi Et,TH,THA,16.0509959992,103.654998635
1042,48356,Sakon Nakhon,Thailand,Sakon Nakhon,TH,THA,17.1679042755,104.147895873
1043,48569,Satun,Thailand,Satun,TH,THA,6.61670109886,100.066698628
1044,48568,Songkhla,Thailand,Songkhla (Songkhla Lake),TH,THA,7.2099591257,100.560001179
1045,48425,Suphanburi,Thailand,Suphan Buri,TH,THA,14.4710010468,100.128996606
1046,48551,Surat Thani,Thailand,Surat Thani,TH,THA,9.15009909966,99.3401273183
1047,48432,Surin,Thailand,Surin,TH,THA,14.8868290395,103.491450154
1048,48376,Tak,Thailand,Tak,TH,THA,16.8847432647,99.129339151
1049,48567,Trang,Thailand,Trang,TH,THA,7.56340008436,99.6080179433
1050,48407,Ubon Ratchathani,Thailand,Ubon Ratchathani,TH,THA,15.2499593292,104.830024779
1051,48351,Uttaradit,Thailand,Uttaradit,TH,THA,17.6316227406,100.097187051
1052,78073,Nassau,The Bahamas,,BS,BHS,25.0833901154,-77.3500437843
1053,61701,Brikama,The Gambia,Banjul,GM,GMB,13.2803637888,-16.6599497899
1054,65387,Lomé,Togo,Maritime,TG,TGO,6.13193707166,1.22275711936
1055,65361,Sokodé,Togo,Centre,TG,TGO,8.99047060031,1.14999670269
1056,80435,Port of Spain,Trinidad and Tobago,Unknown,TT,TTO,10.657268,-61.518017
1057,60715,Aryanah,Tunisia,Manubah,TN,TUN,36.8666731534,10.1999975475
1058,60765,Gabès,Tunisia,Gabès,TN,TUN,33.900422993,10.0999930406
1059,60745,Gafsa,Tunisia,Gafsa,TN,TUN,34.4204429311,8.78002193059
1060,60725,Jendouba,Tunisia,Jendouba,TN,TUN,36.5000040594,8.74999861458
1061,60735,Kairouan,Tunisia,Kairouan,TN,TUN,35.6803918651,10.0999930406
1062,17190,Afyonkarahisar,Turkey,Afyon,TR,TUR,38.7503853547,30.5500109443
1063,17130,Ankara,Turkey,Ankara,TR,TUR,39.9272385855,32.864391641
1064,17300,Antalya,Turkey,Antalya,TR,TUR,36.8899821157,30.6999759509
1065,17370,Antioch on the Orontes,Turkey,Hatay,TR,TUR,36.2333340929,36.1166765584
1066,17234,Aydın,Turkey,Aydin,TR,TUR,37.8499751984,27.85002071
1067,17150,Balıkesir,Turkey,Balikesir,TR,TUR,39.6503820995,27.8900182686
1068,17203,Bingöl,Turkey,Bingöl,TR,TUR,38.8850040355,40.498002558
1069,17070,Bolu,Turkey,Bolu,TR,TUR,40.7362589712,31.6061221911
1070,17116,Bursa,Turkey,Bursa,TR,TUR,40.1999867951,29.0699979235
1071,17237,Denizli,Turkey,Denizli,TR,TUR,37.7703934927,29.0800231514
1072,17280,Diyarbakır,Turkey,Diyarbakir,TR,TUR,37.9204360138,40.2300402413
1073,17050,Edirne,Turkey,Edirne,TR,TUR,41.670439676,26.5699954821
1074,17202,Elâzığ,Turkey,Elazig,TR,TUR,38.6799762157,39.2299979235
1075,17092,Erzincan,Turkey,Erzincan,TR,TUR,39.752649759,39.4927725818
1076,17096,Erzurum,Turkey,Erzurum,TR,TUR,39.9203914582,41.2900272204
1077,17260,Gaziantep,Turkey,Gaziantep,TR,TUR,37.0749837433,37.3849942614
1078,17034,Giresun,Turkey,Giresun,TR,TUR,40.9130011491,38.3900045207
1079,17088,Gümüşhane,Turkey,Gümüshane,TR,TUR,40.4640001285,39.4839996159
1080,17240,Isparta,Turkey,Isparta,TR,TUR,37.7699800812,30.5299604886
1081,17098,Kars,Turkey,Kars,TR,TUR,40.6084631542,43.0974621163
1082,17074,Kastamonu,Turkey,Kastamonu,TR,TUR,41.3890021526,33.7830034905
1083,17244,Konya,Turkey,Konya,TR,TUR,37.8750124299,32.4750097237
1084,17155,Kütahya,Turkey,Kütahya,TR,TUR,39.4200085643,29.9299971097
1085,17160,Kırşehir,Turkey,Kirsehir,TR,TUR,39.1419991654,34.1710026008
1086,40001,Mardin,Turkey,Mardin,TR,TUR,37.3115067739,40.742722126
1087,17340,Mersin,Turkey,Mersin,TR,TUR,36.7999876089,34.6199950752
1088,17292,Muğla,Turkey,Mugla,TR,TUR,37.2163704621,28.3638911527
1089,17282,Muş,Turkey,Mus,TR,TUR,38.7490159292,41.4969396553
1090,17250,Niğde,Turkey,Nigde,TR,TUR,37.9760041158,34.6940016254
1091,17040,Rize,Turkey,Rize,TR,TUR,41.0208410838,40.5218570544
1092,17030,Samsun,Turkey,Samsun,TR,TUR,41.2799983918,36.3436624743
1093,17210,Siirt,Turkey,Siirt,TR,TUR,37.9440000726,41.9329985769
1094,17026,Sinop,Turkey,Sinop,TR,TUR,42.0229980177,35.1530014997
1095,17090,Sivas,Turkey,Sivas,TR,TUR,39.7454150584,37.0349897855
1096,17056,Tekirdağ,Turkey,Tekirdag,TR,TUR,40.9908687531,27.5099897855
1097,17086,Tokat,Turkey,Tokat,TR,TUR,40.3059961652,36.5630045215
1098,17188,Uşak,Turkey,Usak,TR,TUR,38.6803637889,29.4200023994
1099,17170,Van,Turkey,Van,TR,TUR,38.495439676,43.3999759509
1100,17140,Yozgat,Turkey,Yozgat,TR,TUR,39.8179980929,34.8149974851
1101,17022,Zonguldak,Turkey,Zinguldak,TR,TUR,41.4303768098,31.7800133858
1102,17112,Çanakkale,Turkey,Çanakkale,TR,TUR,40.1459332469,26.4063878975
1103,17084,Çorum,Turkey,Çorum,TR,TUR,40.5199931021,34.9500007718
1104,17220,İzmir,Turkey,Izmir,TR,TUR,38.4361496823,27.1517940105
1105,17270,Şanlıurfa,Turkey,Sanliurfa,TR,TUR,37.1699908641,38.7949857165
1106,38880,Ashgabat,Turkmenistan,Ahal,TM,TKM,37.9499949331,58.3832991118
1107,38392,Daşoguz,Turkmenistan,Tashauz,TM,TKM,41.8399900503,59.9649596749
1108,38895,Mary,Turkmenistan,Mary,TM,TKM,37.6000162954,61.8333210844
1109,38687,Türkmenabat,Turkmenistan,Chardzhou,TM,TKM,39.110001647,63.5800361723
1110,38507,Türkmenbaşy,Turkmenistan,Balkan,TM,TKM,40.0230466909,52.9696760649
1111,91643,Funafuti,Tuvalu,,TV,TUV,-8.51665199904,179.216647094
1112,63661,Sironko,Uganda,Budadiri,UG,UGA,1.25,34.3
1113,33658,Chernivtsi,Ukraine,Chernivtsi,UA,UKR,48.305306009,25.9215596097
1114,34504,Dnipro,Ukraine,Dnipropetrovs'k,UA,UKR,48.4799723501,35.0000235583
1115,34712,Donetsk,Ukraine,Donets'k,UA,UKR,48.000001647,37.8299800199
1116,34300,Kharkiv,Ukraine,Kharkiv,UA,UKR,49.9999829296,36.250024779
1117,33902,Kherson,Ukraine,Crimea,UA,UKR,46.6325371798,32.6006648872
1118,33429,Khmelnytskyi,Ukraine,Khmel'nyts'kyy,UA,UKR,49.424927591,27.0015453682
1119,33345,Kiev,Ukraine,Kiev,UA,UKR,50.433367329,30.5166279691
1120,33711,Kropyvnytskyi,Ukraine,Kirovohrad,UA,UKR,48.5040535676,32.2602941475
1121,34535,Luhansk,Ukraine,Luhans'k,UA,UKR,48.5697601513,39.3343843168
1122,33393,Lviv,Ukraine,L'viv,UA,UKR,49.8349800813,24.0299954821
1123,33837,Odessa,Ukraine,Odessa,UA,UKR,46.4900162954,30.7100011787
1124,33506,Poltava,Ukraine,Poltava,UA,UKR,49.5740399364,34.5702823474
1125,33301,Rivne,Ukraine,Rivne,UA,UKR,50.6165861197,26.2528055407
1126,33275,Sumy,Ukraine,Sumy,UA,UKR,50.9242934358,34.7808638089
1127,33415,Ternopil,Ukraine,Ternopil',UA,UKR,49.535980244,25.5821488024
1128,33631,Uzhhorod,Ukraine,Transcarpathia,UA,UKR,48.6299890331,22.2500007718
1129,33562,Vinnytsia,Ukraine,Vinnytsya,UA,UKR,49.2253790477,28.481558389
1130,33325,Zhytomyr,Ukraine,Zhytomyr,UA,UKR,50.245575174,28.6621675199
1131,41217,Abu Dhabi,United Arab Emirates,Abu Dhabi,AE,ARE,24.4666835724,54.3665933826
1132,41194,Dubai,United Arab Emirates,Dubay,AE,ARE,25.2299961538,55.2799743234
1133,41242,Ras al-Khaimah,United Arab Emirates,Ras Al Khaymah,AE,ARE,25.7915381053,55.9427762439
1134,41196,Sharjah,United Arab Emirates,Sharjah,AE,ARE,25.3713828725,55.4064782296
1135,03917,Belfast,United Kingdom,Belfast,GB,GBR,54.6000122265,-5.96003442527
1136,03171,Edinburgh,United Kingdom,Edinburgh,GB,GBR,55.9483278596,-3.21909061829
1137,03772,London,United Kingdom,Westminster,GB,GBR,51.4999947297,-0.11672184386
1138,72518,Albany,United States of America,New York,US,USA,42.6700169058,-73.8199491798
1139,72406,Annapolis,United States of America,Maryland,US,USA,38.9783300975,-76.4924992286
1140,72219,Atlanta,United States of America,Georgia,US,USA,33.830013854,-84.3999493833
1141,74389,Augusta,United States of America,Maine,US,USA,44.3105627635,-69.7799890561
1142,72254,Austin,United States of America,Texas,US,USA,30.2669496857,-97.7427783628
1143,72764,Bismarck,United States of America,North Dakota,US,USA,46.8083172802,-100.783316286
1144,72681,Boise,United States of America,Idaho,US,USA,43.6085901073,-116.22748987
1145,72509,Boston,United States of America,Massachusetts,US,USA,42.3299601431,-71.0700136736
1146,72488,Carson City,United States of America,Nevada,US,USA,39.1638484894,-119.766395306
1147,72414,Charleston,United States of America,West Virginia,US,USA,38.3497379751,-81.6327281105
1148,72564,Cheyenne,United States of America,Wyoming,US,USA,41.1400069367,-104.819710736
1149,72310,Columbia,United States of America,South Carolina,US,USA,34.0399751984,-80.8999821388
1150,72428,Columbus,United States of America,Ohio,US,USA,39.9799743846,-82.9900096046
1151,72605,Concord,United States of America,New Hampshire,US,USA,43.2080719188,-71.5380471208
1152,72469,Denver,United States of America,Colorado,US,USA,39.7391880484,-104.984015952
1153,72546,Des Moines,United States of America,Iowa,US,USA,41.5799800812,-93.6199809181
1154,72418,Dover,United States of America,Delaware,US,USA,39.1580865672,-75.5247030046
1155,72422,Frankfort,United States of America,Kentucky,US,USA,38.2008064972,-84.8733571795
1156,72511,Harrisburg,United States of America,Pennsylvania,US,USA,40.2735998729,-76.8847491879
1157,72508,Hartford,United States of America,Connecticut,US,USA,41.770020161,-72.6799670834
1158,72772,Helena,United States of America,Montana,US,USA,46.5927490428,-112.035290977
1159,91182,Honolulu,United States of America,Hawaii,US,USA,21.3068764435,-157.857997886
1160,72438,Indianapolis,United States of America,Indiana,US,USA,39.7499884227,-86.1700480568
1161,72419,Jackson,United States of America,Mississippi,US,USA,32.298815327,-90.1849967873
1162,72445,Jefferson City,United States of America,Missouri,US,USA,38.5766233511,-92.1733250343
1163,70381,Juneau,United States of America,Alaska,US,USA,58.3141266064,-134.419996991
1164,72539,Lansing,United States of America,Michigan,US,USA,42.7335272411,-84.5467362892
1165,72551,Lincoln,United States of America,Nebraska,US,USA,40.8199747915,-96.6800008563
1166,72340,Little Rock,United States of America,Arkansas,US,USA,34.7360825796,-92.3310931821
1167,72641,Madison,United States of America,Wisconsin,US,USA,43.073015563,-89.4011169858
1168,72226,Montgomery,United States of America,Alabama,US,USA,32.3616021922,-86.2791886818
1169,72614,Montpelier,United States of America,Vermont,US,USA,44.2599715363,-72.5758132341
1170,72327,Nashville,United States of America,Tennessee,US,USA,36.1699743846,-86.7799849871
1171,72353,Oklahoma City,United States of America,Oklahoma,US,USA,35.4700429474,-97.5186835142
1172,72792,Olympia,United States of America,Washington,US,USA,47.0380448599,-122.899434043
1173,72278,Phoenix,United States of America,Arizona,US,USA,33.5399798778,-112.069991701
1174,72507,Providence,United States of America,Rhode Island,US,USA,41.8211023143,-71.4149796973
1175,72306,Raleigh,United States of America,North Carolina,US,USA,35.8187813507,-78.6446934425
1176,72401,Richmond,United States of America,Virginia,US,USA,37.5500193472,-77.4499860043
1177,72483,Sacramento,United States of America,California,US,USA,38.5750213817,-121.470038088
1178,72658,Saint Paul,United States of America,Minnesota,US,USA,44.9439866324,-93.0849748146
1179,72694,Salem,United States of America,Oregon,US,USA,44.9280702912,-123.02389673
1180,72572,Salt Lake City,United States of America,Utah,US,USA,40.7750162954,-111.930051922
1181,72365,Santa Fe,United States of America,New Mexico,US,USA,35.6869289338,-105.937239422
1182,72439,Springfield,United States of America,Illinois,US,USA,39.8200099885,-89.650016522
1183,72214,Tallahassee,United States of America,Florida,US,USA,30.4499876089,-84.2800342221
1184,72456,Topeka,United States of America,Kansas,US,USA,39.0500053091,-95.6699849871
1185,72408,Trenton,United States of America,New Jersey,US,USA,40.2169625031,-74.7433553484
1186,72405,Washington,United States of America,District of Columbia,US,USA,38.8995493765,-77.0094185808
1187,83928,Artigas,Uruguay,Artigas,UY,URY,-30.4159871228,-56.4860201432
1188,86560,Colonia del Sacramento,Uruguay,Colonia,UY,URY,-34.4799990054,-57.8400024734
1189,86530,Durazno,Uruguay,Durazno,UY,URY,-33.410016257,-56.5100496843
1190,86440,Melo,Uruguay,Cerro Largo,UY,URY,-32.3594860649,-54.1799851904
1191,86490,Mercedes,Uruguay,Soriano,UY,URY,-33.2595344861,-58.029982749
1192,86580,Montevideo,Uruguay,Montevideo,UY,URY,-34.8580415662,-56.1710522884
1193,87497,Paysandú,Uruguay,Paysandú,UY,URY,-32.3299788221,-58.0799796973
1194,87395,Salto,Uruguay,Salto,UY,URY,-31.3903462537,-57.9686945003
1195,86370,Tacuarembó,Uruguay,Tacuarembó,UY,URY,-31.7099649874,-55.9800045182
1196,38475,Andijan,Uzbekistan,Andijon,UZ,UZB,40.7900024608,72.3399665923
1197,38683,Bukhara,Uzbekistan,Bukhoro,UZ,UZB,39.7800124299,64.4300101307
1198,38583,Guliston,Uzbekistan,Sirdaryo,UZ,UZB,40.4957310171,68.7907258696
1199,38579,Jizzakh,Uzbekistan,Jizzakh,UZ,UZB,40.1003804719,67.8300093169
1200,38611,Namangan,Uzbekistan,Namangan,UZ,UZB,41.0000154816,71.6699816476
1201,38567,Navoiy,Uzbekistan,Navoi,UZ,UZB,40.1104056997,65.3549665923
1202,38264,Nukus,Uzbekistan,Karakalpakstan,UZ,UZB,42.4700032746,59.6150068755
1203,38812,Qarshi,Uzbekistan,Kashkadarya,UZ,UZB,38.8704297069,65.8000040272
1204,38696,Samarkand,Uzbekistan,Samarkand,UZ,UZB,39.6700191437,66.9449987375
1205,38457,Tashkent,Uzbekistan,Tashkent,UZ,UZB,41.311701883,69.2949328195
1206,38927,Termez,Uzbekistan,Surkhandarya,UZ,UZB,37.2329327586,67.2729373768
1207,38396,Urgench,Uzbekistan,Khorezm,UZ,UZB,41.5599813019,60.64000891
1208,91557,Port Vila,Vanuatu,Shefa,VU,VUT,-17.733350404,168.316640584
1209,80419,Barcelona,Venezuela,Anzoátegui,VE,VEN,10.130375182,-64.7200136735
1210,80440,Barinas,Venezuela,Barinas,VE,VEN,8.5999776397,-70.250012046
1211,80410,Barquisimeto,Venezuela,Lara,VE,VEN,10.0499924916,-69.2999666765
1212,80415,Caracas,Venezuela,Distrito Capital,VE,VEN,10.5009985544,-66.9170371924
1213,80444,Ciudad Bolívar,Venezuela,Bolívar,VE,VEN,8.09998231906,-63.6000045183
1214,80428,Guanare,Venezuela,Portuguesa,VE,VEN,9.0499760121,-69.7500167253
1215,80421,La Asunción,Venezuela,Nueva Esparta,VE,VEN,11.03333403,-63.8833315004
1216,80407,Maracaibo,Venezuela,Zulia,VE,VEN,10.7299768259,-71.6599776628
1217,80435,Maturín,Venezuela,Monagas,VE,VEN,9.74995912571,-63.1700307634
1218,80447,San Cristóbal,Venezuela,Táchira,VE,VEN,7.77000246066,-72.2499674903
1219,80431,San Juan de Los Morros,Venezuela,Guárico,VE,VEN,9.9009990187,-67.3540015853
1220,80426,Trujillo,Venezuela,Trujillo,VE,VEN,9.38039512017,-70.4400004493
1221,80472,Valencia,Venezuela,Carabobo,VE,VEN,10.2299815053,-67.9800214047
1222,48914,Bạc Liêu,Vietnam,B?c Liêu,VN,VNM,9.28037538547,105.719996296
1223,48808,Cao Bằng,Vietnam,Cao B?ng,VN,VNM,22.663998055,106.268004644
1224,48855,Da Nang,Vietnam,Ðà N?ng,VN,VNM,16.0600390818,108.249971068
1225,48826,Hai Duong,Vietnam,H?i Duong,VN,VNM,20.9420010782,106.331004604
1226,56985,Lao Cai,Vietnam,Lào Cai,VN,VNM,22.5013513377,103.965994831
1227,48830,Lạng Sơn,Vietnam,L?ng Son,VN,VNM,21.845997103,106.757001576
1228,48877,Nha Trang,Vietnam,Khánh Hòa,VN,VNM,12.2500390818,109.170018269
1229,48887,Phan Thiet,Vietnam,Bình Thu?n,VN,VNM,10.9337369984,108.100057738
1230,48870,Quy Nhon,Vietnam,Bình Ð?nh,VN,VNM,13.7799715362,109.180043497
1231,48806,Sơn La,Vietnam,Son La,VN,VNM,21.3280021387,103.910004651
1232,48840,Thanh Hóa,Vietnam,Thanh H,VN,VNM,19.8200162953,105.799991413
1233,48845,Vinh,Vietnam,Ngh? An,VN,VNM,18.6999813018,105.679998738
1234,48848,Đồng Hới,Vietnam,Qu?ng Bình,VN,VNM,17.4833372182,106.600045938
1235,91753,Mata-Utu,Wallis and Futuna,Unknown,WF,WLF,-13.282042,-176.174022
1236,60035,El Aaiún,Western Sahara,Unknown,EH,ESH,27.154512,-13.195392
1237,41140,Sana'a,Yemen,Unknown,YE,YEM,15.353857,44.205884
1238,67581,Chipata,Zambia,Eastern,ZM,ZMB,-13.6295698864,32.640012572
1239,67663,Kabwe,Zambia,Central,ZM,ZMB,-14.4400113741,28.4499840889
1240,67475,Kasama,Zambia,Northern,ZM,ZMB,-10.1995983695,31.179946654
1241,68030,Livingstone,Zambia,Southern,ZM,ZMB,-17.8600093396,25.8600129788
1242,67633,Mongu,Zambia,Western,ZM,ZMB,-15.2795983695,23.1200251859
1243,67775,Harare,Zimbabwe,Harare,ZW,ZWE,-17.8177896944,31.0447094307
1244,67975,Masvingo,Zimbabwe,Masvingo,ZW,ZWE,-20.0596166801,30.8200203031
